-0.03542633567136713,1.5393944694037704,0.08070488075300772,0.8396894214515495
-0.07541844137337966,1.4310023009185624,0.2648728753535193,0.12833755025525548
0.12362535317757146,1.169911556290798,1.029810933962632,1.3339588597986427
0.11749684997066652,1.203420988866525,0.9740993822566552,1.3865858890671054
0.03411556451680099,1.4298492842242592,0.18672193785436422,0.47402765618821674
0.010284917772322223,1.1601636500973609,0.2559536372445724,1.3843778669764777
-0.00673930570035515,1.5722809168905785,0.18234580760716362,0.40909642889160525
0.06765207733319159,1.4458958476150119,0.014780063869929527,0.5320412934924129
0.06670109007620681,1.5671138492167236,0.1926860074781962,0.14006511609891723
0.0010960735578528225,1.4376560170999166,0.3052132880229372,0.5175794211324154
0.309077451608337,0.8189071615269709,0.5354180887249624,0.45868531108895283
0.07638242535505531,1.3951316221308112,-0.04441333700566959,0.5161506481974374
-0.01989406832237686,1.4463987919465442,0.03389881698675201,0.19277496737003347
0.2800304297672581,0.8089505197060816,0.11974082436152468,0.5719396327563007
0.0880438862230661,1.4423536726148816,-0.08729336512978446,0.05317543525216539
-0.02722060298705804,1.4499000654570933,0.057983771261747315,0.14870383835270465
0.07494695207499785,1.531120696113039,0.23096032567602032,0.42995340302165397
0.2259403077566617,0.8715234140987278,0.3049726967083358,0.6858861232861664
0.01040995463280106,1.515061593157021,-0.05502591232625982,0.09969810960032566
0.07002925222825863,1.5497937346537396,0.07501474947428946,0.5830803115754504
-0.0023706576278300488,1.3680466320353877,-0.10469158236998127,0.009752276686915336
0.05160208371838045,1.4666109544719494,-0.013375406886859608,0.2658681217199023
0.09034474601455682,1.43840218427043,0.02080108053860505,0.0931368954015018
-0.07610273281672918,1.4964264546058925,0.10529402842707919,0.31732198804031386
0.04547757629540024,1.4711828935312716,-0.004653420628008019,0.17637095499722916
-0.0028333222166037203,1.500048640747941,0.015130132409720744,0.19912250354375108
0.09530506409349657,1.3531734850740236,-0.21489921007079935,0.2124226611973751
0.0953306052010195,1.4395574560154665,-0.1733473919195512,-0.02667221174178564
-0.0029010630491857485,1.3551669984211643,-0.16863802572232187,0.03422660622832871
-0.07681379015255983,1.5090463618514884,0.007643829379116049,0.06183818470505759
0.04628034222710466,1.4283351686150851,-0.09875521504505373,0.04967421090061599
0.09606767078075186,1.4177439820174405,-0.15612168205627314,-0.021275701129894048
0.15218451968809088,1.0313085131252038,-0.08616710547947584,0.17448840111966665
0.09626349930934253,1.426361939288793,-0.12546650067702395,0.01173674077350418
0.07982313998265404,1.3071781614354265,-0.19413089552018462,-0.012084580387791059
0.030072390418107317,1.4915050133403374,-0.11817604576088273,-0.05627749582204928
0.09700926295461167,1.3376255115579956,-0.32547571022896554,-0.1017778955353292
0.09507354584590037,1.3481247509978895,-0.32137285651683445,-0.16107080248119707
0.07647870498086332,1.3507325847230496,-0.1822801621189173,-0.001099780455337896
0.05289516099121997,1.0172696359006317,-0.24255501654280417,-0.06623192382533893
0.0710764138622932,1.2702867888693101,-0.21331793545886135,0.109549218208846
0.05285230134714546,1.017219439600939,-0.2596462751797761,-0.2101543845459413
0.09775147973234578,1.3300591814617628,-0.3389274674387035,-0.10742706573156728
0.1525371503799149,1.017395456012024,-0.3137530755665461,-0.1120266479439578
0.15281141016758054,1.0172148672546306,-0.37358568979147333,-0.25981915639306274
0.15289511564720137,1.0172782285238997,-0.3418615509054467,-0.16758678610701788
0.15279654258550174,1.0172252778584685,-0.3781214180746486,-0.28083453537426867
0.15282023870601583,1.017205207742062,-0.37125880901728153,-0.24682144042032067
0.15280401218436782,1.0172199204453938,-0.3758224297233115,-0.27019542972965854
0.15288985416534107,1.0173099340299456,-0.3408326339119186,-0.17886441014791765
0.15279654285579125,1.0172252775725736,-0.3781213402471611,-0.2808341278371158
0.1525665193606614,1.0175355454339936,-0.31242371463482893,-0.17417682395733644
0.15279654258392947,1.0172252775866175,-0.3781214377196315,-0.28083447670846395
0.1527965430773418,1.0172252781470437,-0.37812121978023466,-0.28083397457283965
0.15281705582764427,1.0172255874694778,-0.37084608814113507,-0.25499182858204217
0.15282333772100248,1.017217331473932,-0.36930677886533075,-0.24545370427776378
0.15282143161333722,1.0172259660363525,-0.36931517003643594,-0.2495864303166463
0.15279654243297874,1.0172252774978086,-0.37812149857392563,-0.2808346486908465
0.15281436681061908,1.0172129958914524,-0.37269671708729546,-0.2557315315565211
0.15286681915593228,1.0173786885943545,-0.3425376150276168,-0.2188867041716891
0.15282391278228183,1.017211906500884,-0.3695162030374301,-0.24364040678275464
0.15279654254057817,1.0172252777395707,-0.37812144263517206,-0.28083456578960225
0.15281212464166882,1.0172067765102606,-0.37392646543483105,-0.25721441016826335
0.15279654243742374,1.0172252777567903,-0.3781214788003371,-0.28083470086629
0.09707712910540342,1.3319277156435834,-0.34505120021887925,-0.15106344989879358
0.1527965440905863,1.0172252790443679,-0.37812079009593885,-0.28083288709775356
0.15279654286392733,1.0172252776625497,-0.37812133098023776,-0.2808341375468622
0.1527965429459865,1.0172252781189803,-0.3781212693149344,-0.28083413533782636
0.15245350760668896,1.0175907679558605,-0.310540803433032,-0.17947646606117423
0.15281646336970234,1.0172058023417123,-0.3725030297125582,-0.2516203504228205
0.15287218036592568,1.017290373668239,-0.34780515900760867,-0.1978514604541787
0.15280262441698816,1.0172200138348975,-0.37630918333407093,-0.27196643583241725
0.11367315086745272,1.2500996733178666,-0.3468064851638399,-0.1057813481315803
0.15279654269976428,1.017225277882541,-0.37812137504116183,-0.2808343955794297
0.15289438530314547,1.0174343802157049,-0.3298876510407682,-0.1941249491351766
0.10166659884069341,1.3039189636592936,-0.36630936328978664,-0.12866145618591365
0.15279654408196666,1.017225278409443,-0.3781208377342364,-0.2808327562385898
0.10125718276994615,1.3423999572737046,-0.280601550276614,-0.11384218115635647
0.152799995121854,1.0172129401872363,-0.3777491703765425,-0.27372455192060274
0.15288508919761856,1.0172905319141015,-0.34384008003721017,-0.18181122141701123
0.15279654275452154,1.0172252776915207,-0.3781213685908294,-0.28083428322046156
0.1528198965962902,1.0172156656717901,-0.37060108411850395,-0.24939509432946905
0.15214370322887982,1.0176257962840918,-0.2897968671163411,-0.11817469569220955
0.152796544356303,1.0172252795849663,-0.378120656044618,-0.2808326702293087
0.1527965432261724,1.0172252774966386,-0.37812121146339284,-0.2808336399513142
0.1527965430773518,1.0172252781483866,-0.37812121968208456,-0.28083397486239214
0.09714617198867724,1.3565741596136844,-0.26933178874573865,-0.09517861127713244
0.09862810178109024,1.3178532174576902,-0.3635424696686463,-0.12307669390810291
0.1528614730801233,1.0172225700180113,-0.35651929441665847,-0.19953026319607756
0.12571508034671214,1.2030221512572066,-0.28507287326382047,-0.0960637952889526
0.15285579639274216,1.0173082925493968,-0.3516088829580975,-0.22157886516586814
0.15281541079797756,1.0172213475683876,-0.3717250078446886,-0.2561731067997625
0.152819720291068,1.0172164518675466,-0.37060321709528016,-0.24977616233039332
0.09382474564987188,1.3835884946682897,-0.19405668401328274,-0.04720388661659916
0.10114400768353206,1.304006706449341,-0.37405370283928463,-0.15187305308499804
0.1525255383425097,1.0176994006123343,-0.3202446286042554,-0.25357229125579445
0.1527965429658542,1.0172252778145974,-0.37812128344826895,-0.28083404203271806
0.09758497927769649,1.3473650246832023,-0.28670212669162526,-0.08483455146347996
0.15280519375377416,1.017220421994986,-0.3753676968973514,-0.26881483589642596
0.15284848141357393,1.0172244951798264,-0.360470638119421,-0.21576326133618934
0.1528608608720728,1.01727493692712,-0.35258226522445935,-0.20942050764365508
0.1528043783608156,1.0172121167061021,-0.37625061620904776,-0.26803708937857407
0.15281974084253014,1.017224204672341,-0.3700240068329389,-0.2513422317660833
0.15285347288337225,1.0172479724591446,-0.35704574660758687,-0.21387894180458997
0.152796542526284,1.0172252768163546,-0.3781215124785214,-0.28083437752275514
0.15279654333964318,1.0172252782324316,-0.3781211188204989,-0.2808336601509355
0.15280302155202707,1.0172198829092327,-0.37617714457405826,-0.2714366919796444
0.15288288956825774,1.0173531313951947,-0.33946497857101926,-0.1941227100958456
0.15284306340764037,1.0172036313559178,-0.36382823647343104,-0.21848657230734067
0.15299365222290107,1.0175552233279388,-0.31089114434648507,-0.17874221117221667
0.15243134859062762,1.0184226844354007,-0.30885390507834787,-0.17834678331574827
0.15281974141223303,1.0172242049106826,-0.3700237939186408,-0.2513415676457043
0.1527965424346755,1.0172252774989448,-0.3781214978716342,-0.28083464676423053
0.15282548844472832,1.017222281445592,-0.3682100032017761,-0.24377646661168956
0.15279654268598897,1.0172252773527881,-0.3781214170881304,-0.2808342944567071
0.15284016713090162,1.0173028031170235,-0.3572096142304308,-0.24069059694930603
0.15280302136193485,1.0172198828143322,-0.3761772189515939,-0.2714369110460419
0.15279654270343004,1.0172252778136868,-0.3781213785123027,-0.2808343754318765
0.15279654283138605,1.017225277860638,-0.3781213288888779,-0.28083422321899826
0.10585388251076297,1.2819172236171026,-0.37380276965578046,-0.14558800033271357
0.1527965433016584,1.0172252779282915,-0.3781211539136041,-0.28083364056399107
0.15279654320808145,1.0172252781855096,-0.3781211697538616,-0.2808338169627679
0.15279654296307474,1.017225277887577,-0.37812127933613215,-0.280834061863845
0.12471567394531946,1.2008442640879606,-0.33907206173564247,-0.1904531488260504
0.12474785256814519,1.2008413657199826,-0.3390657554577433,-0.19045785523537997
0.15279654368716386,1.1172252786736723,-0.27812096210781145,-0.2808333170486344
0.15287808533137467,1.0173239337674973,-0.34329356934135774,-0.19578145763320493
0.15279654308774115,1.0172252780759985,-0.3781212209917073,-0.28083394547203044
0.15279654296278278,1.0172252778898827,-0.3781212792575272,-0.28083406266467764
0.15281093418379724,1.017215022329047,-0.37374023513491716,-0.26044761254966475
0.09766364778037466,1.3531400211534865,-0.2657512480734534,-0.07124696266576945
0.0965268986297802,1.3303883216151915,-0.3553163207271294,-0.15795851267748975
0.1530729620400081,1.0199099087663017,-0.24980359730693774,-0.1564479756961696
0.15282991537159865,1.0172158321493219,-0.36720687214083014,-0.2369951352303757
0.15280262154194657,1.1172120993157633,-0.37687398837635133,-0.17023809067487652
0.09941112661417485,1.3384132786613803,-0.269392695475802,-0.024169483727278552
0.15294637968578984,1.0212905143661932,-0.2148796019301498,-0.15873382535545214
0.11329620850451064,1.249865561273649,-0.35646028778542393,-0.13174257316368707
0.15279654303273849,1.0172252778531294,-0.3781212565237489,-0.2808339655805692
0.1528129706651318,1.0172126867197122,-0.3732023818887374,-0.2574084375048898
0.09634566599512878,1.329925969817541,-0.3584978811341662,-0.1598109651166125
0.15279654411238702,1.0172252790590393,-0.37812078119230685,-0.2808328627171289
0.15268389014468173,1.0185172602573025,-0.22124728564258445,-0.1717498027227174
0.15279654388179126,1.0172252793655765,-0.3781208432095295,-0.2808332244410901
0.15281305538192536,1.017220335626068,-0.3726156535965461,-0.2589133172368038
0.1135160507600017,1.248208167806346,-0.35436703865391755,-0.0753338959015967
0.15281220402842619,1.0172067575350308,-0.3739003582802392,-0.25711162526897624
0.15281283099271215,1.0172065886367943,-0.37369575791487014,-0.25629610086730503
0.152814160408178,1.0172207823919615,-0.3721993857135986,-0.25762181103202236
0.15202244146853117,1.018245816012816,-0.23417448369458768,-0.08479789853881714
0.15286550176660912,1.0172727619611568,-0.35128856349220966,-0.2032553572119955
0.15281220646710025,1.0172146196671414,-0.3733267406014688,-0.2587709332974094
0.1528234132083766,1.0172286580457077,-0.36843969581755376,-0.2476525949906103
0.15287973237550045,1.0175499637139358,-0.3245032224579416,-0.22349853191116462
0.152809605453241,1.0172116292953015,-0.374449724104171,-0.2613872440709879
0.09818548600714393,1.3192370429722047,-0.36734997443097817,-0.15498383945411867
0.15279654289930605,1.0172252778072794,-0.3781213080458131,-0.28083412496994686
0.15286850054700044,1.0173431371427493,-0.3447876966558086,-0.21105974241487416
0.052796541987505295,1.0172252770666694,-0.278121690038733,-0.18083511857245352
0.1527965445219052,1.0172252798643238,-0.37812057653202685,-0.28083252220196425
0.15279654309314195,1.0172252779253461,-0.37812122959873545,-0.28083390494554933
0.152796543226653,1.0172252779751108,-0.37812117775623033,-0.2808337462660906
0.0955482445408041,1.336860867642139,-0.34683799288604217,-0.1501348817975393
0.1530196295144036,1.0176757110021888,-0.29819653335138574,-0.1816676730792268
0.15236789247672797,1.0207747893151293,-0.20778016060975146,-0.18170826247294997
0.11317392222943096,1.2480747466128905,-0.3634538831951176,-0.10362530920019844
0.15279654303227655,1.0172252778454134,-0.3781212572481847,-0.28083396450260395
0.15282162918729314,1.0172225550772152,-0.3695001114200973,-0.24864440119108877
0.09614669368877987,1.329182776279116,-0.3623686616851011,-0.15935043400332705
0.15279654455213643,1.017225279395558,-0.378120598381157,-0.2808323787958034
0.09488140081125679,1.3371073097141641,-0.3544847995462281,-0.1725723436281397
0.15284884004289528,1.017356036744047,-0.35024473105102144,-0.2388755687134606
0.15279654247647007,1.0172252776678385,-0.3781214709025706,-0.2808346313690431
0.15279654333972045,1.0172252782316862,-0.3781211188681779,-0.2808336599662468
0.15304205184966008,1.018292575230826,-0.3083128057792198,-0.14061239136446907
0.1527965432263926,1.017225278250819,-0.3781211585591613,-0.28083380832602955
0.15279654286152813,1.0172252776620103,-0.37812133189712566,-0.2808341405109155
0.15279654294704031,1.017225278114524,-0.3781212692092984,-0.28083413287288234
0.152810859770881,1.0172150535044726,-0.3737639116166917,-0.260547360410652
0.15282548768997514,1.0172222809147402,-0.3682102979502922,-0.24377729999575198
0.09652687426241888,1.3303890315309166,-0.3553154536898227,-0.15795949725182898
0.1529940563938248,1.0175472365738232,-0.3113222778205318,-0.16190699251031496
0.05279654295309976,1.0172252778526454,-0.278121285400331,-0.28083406675415834
0.15281374235481948,1.0172063759772387,-0.3733965615042842,-0.2551183766019353
0.15279654257199926,1.0172252775363644,-0.3781214455149045,-0.28083448048314874
0.15282554411207433,1.0172174426279017,-0.368552429873022,-0.24273450865021345
0.09446725523778551,1.3471146103487095,-0.3307462665261718,-0.1718125830384222
0.15280953981642587,1.017211687529761,-0.3744684217257555,-0.26148171498074163
0.15282143150330565,1.0172259661652425,-0.36931519816329805,-0.2495865944775729
0.15279654241764162,1.0172252777334403,-0.3781214875977382,-0.28083472080076943
0.09364110502812041,1.3541036381375553,-0.3203464395067665,-0.19911884533067706
0.15279654414295601,1.0172252787552334,-0.37812079137277915,-0.28083275581712513
0.15287012761000524,1.0172896190929226,-0.3485047749063527,-0.20029621667647804
0.15279654222230998,1.0172252771201324,-0.3781216012812906,-0.2808348320045639
0.15279654281306942,1.017225278099217,-0.3781213187864705,-0.2808342997803092
0.1528615122938892,1.0172957391642345,-0.35074364649551937,-0.212160207047802
0.1528638864429264,1.01727633036238,-0.35151508561241834,-0.20587630547614572
0.1528531131967402,1.0174244436488695,-0.34357251706740116,-0.24458951707659882
0.15281806373828036,1.0172162866782148,-0.37118256230775704,-0.2518065577060763
0.09414673143799634,1.3428250634610583,-0.346538750908646,-0.182643232840509
0.15279654387463432,1.0172252787599498,-0.3781208882011567,-0.28083309804041773
0.1528172078414899,1.017225670839641,-0.3707875055820003,-0.25481835955905413
0.1528096630159658,1.0172118870762141,-0.37441095743886355,-0.2613703017112896
0.1527965424386592,1.0172252777580602,-0.37812147824033365,-0.2808346994981216
0.1527999951155532,1.0172129404622676,-0.3777491531328922,-0.2737246206285101
0.09647050707525187,1.3460898076199084,-0.30711312986959655,-0.1012184414659296
0.15279654350236527,1.0172252781304185,-0.37812106707339826,-0.28083343053980847
0.15286936630746875,1.017395926394185,-0.3403583793306594,-0.21820251545458969
0.09337290491394493,1.35080517905599,-0.3328528753495265,-0.20448929024856413
0.10603416242887281,1.2819101339480512,-0.3707370639008969,-0.1363757044455117
0.1528149650398306,1.0172061034024602,-0.372995355764973,-0.25354245556966204
0.15283759423380497,1.0172143840480143,-0.36477818191492445,-0.22723927621437337
0.09448062259032905,1.3618758225319836,-0.2960848155996994,-0.1384823334532243
0.15279575667588774,1.0172180364706518,-0.27887556463453933,-0.18005031110690625
0.1528340073556177,1.0172193495018689,-0.36558119394251,-0.23262536459887276
0.15279654263247552,1.017225277729089,-0.378121410108865,-0.28083444664862384
0.15304880867829607,1.0188247499388086,-0.2912660806492751,-0.17646022813851608
0.15285311587070274,1.0174244482805825,-0.34357124620027174,-0.24458659933832635
0.15285356139026535,1.0172576744393094,-0.35626186930687087,-0.21550680633221453
0.15281720785753575,1.0172256707892207,-0.3707875037236064,-0.25481832892553735
0.15279654267718581,1.017225277779378,-0.37812139042964443,-0.2808344011620433
0.09710592810452615,1.3382601198860238,-0.32292175505301784,-0.10290209648163558
0.15282341414681522,1.0172286586516426,-0.3684393312885883,-0.24765154288927163
0.15279654230201867,1.0172252774749522,-0.37812154756039457,-0.28083480997437327
0.15279654296229878,1.0172252778897057,-0.378121279453534,-0.2808340632806795
0.15279654294345218,1.017225278116346,-0.37812127039856425,-0.2808341379081208
0.15279654320763855,1.01722527818312,-0.378121170069883,-0.28083381695228055
0.15288094219187182,1.0172809219986696,-0.3458715390432778,-0.18543261417308543
0.15279654297195794,1.0172252778184205,-0.3781212809401675,-0.2808340350241545
0.15281305525175426,1.017220335735635,-0.3726156908843905,-0.2589135035470384
0.07629716520894954,1.3421830878078482,-0.2506504994231625,-0.09750522512599685
0.1531103307360802,1.0191684391484668,-0.27957913753678193,-0.13164715356405912
0.15294619349776947,1.0178997154106944,-0.32007939413618824,-0.1625814521076758
0.15281655792168344,1.0172161707724447,-0.3717085019254752,-0.2536608448734592
0.1527965425519911,1.0172252777547763,-0.3781214374612183,-0.28083455475856767
0.15279989495990345,1.0172026736692952,-0.3785134832417767,-0.27157932517863265
0.09758125031430781,1.3311052462787938,-0.3398798027494541,-0.1270330688086387
0.15279654438454832,1.0172252793205823,-0.3781206643087479,-0.28083257509709303
0.09624678481468842,1.4262486536287295,-0.15555395366089206,-0.08781082834230576
0.15297958676267323,1.0187373615648343,-0.17362923218637735,-0.10506601659577669
0.15197310430259037,1.0177542469608731,-0.2599397770079753,-0.05490895256365518
0.1527965438152536,1.1172252789028656,-0.2781208997140536,-0.18083320557985919
0.15279654379956709,1.0172252788165803,-0.37812091141245674,-0.2808332061404905
0.1528801159068839,1.0176049997683292,-0.32362322005094435,-0.26079639607035815
0.15283595660696694,1.0172799866891467,-0.36035082120926015,-0.24183503765999703
0.15282505355887988,1.0172127957738732,-0.3690649519727517,-0.24240691239866896
0.0944588197268643,1.3521709884142556,-0.31648517869992365,-0.17357306068459188
0.09842085707977816,1.3178253841128516,-0.36656083415968926,-0.13122130195892764
0.10076488732034647,1.3212412576224821,-0.3246531669752832,-0.0814683263960052
0.15281771783651743,1.0172259245457551,-0.37059298236532906,-0.25423100749812
0.15285630816496942,1.0172645268223628,-0.3548478371215056,-0.21329655283797702
0.1527965425590757,1.017225277624045,-0.3781214440521143,-0.2808345165144256
0.15280634901280132,1.0172133566521013,-0.37546660327639386,-0.2658345290505696
0.15282226029476087,1.017198790572452,-0.37105186700931814,-0.24301167903082058
0.1529212069462807,1.0176533892812611,-0.31521740896884937,-0.22533667203196683
0.15283395113046097,1.017243336471724,-0.36378541873712306,-0.2373543977869915
0.15279654264438491,1.0172252775123747,-0.3781214209753014,-0.2808343830516028
0.15288306829708517,1.017278088971576,-0.3454571309354725,-0.1823581592126323
0.15279654317690242,1.0172252779422097,-0.37812119809794414,-0.2808338022512196
0.15279654333917647,1.017225278233917,-0.3781211189080465,-0.28083366115756675
0.15279654281266136,1.017225278100457,-0.3781213188606438,-0.280834300622738
0.1528691943214285,1.017399101077733,-0.34016490362459856,-0.2189156470923203
0.15285579666068846,1.0173082480579323,-0.3516122444624197,-0.22157084299064983
0.15279654280173288,1.0172252777026523,-0.3781213507001194,-0.28083422562193777
0.05281821896450039,1.017205493391479,-0.27192536490920916,-0.24938030433255254
0.15280960755780873,1.0172116322227513,-0.3744487773901176,-0.26138523844417183
0.15288820191095093,1.0173520358704324,-0.337920842281873,-0.18719391305028132
0.09749509408669768,1.3352309323176474,-0.32676658401592024,-0.11759374342961587
0.1527965437376392,1.017225278619152,-0.37812094765209114,-0.28083324069045434
0.15287931345504113,1.0173191576649447,-0.3432958659754665,-0.19348495708488192
0.15279654287474695,1.0172252779518145,-0.3781213068045458,-0.2808341884886867
0.1525325161773418,1.0175206000483759,-0.3107628053463163,-0.1615738059341704
0.15281416050009966,1.017220782625325,-0.3721993368078375,-0.25762174472170624
0.11286216928601772,1.2498352020142307,-0.2656543057267924,-0.060011223050010915
0.15284016808724524,1.0173028041321721,-0.35720921444401166,-0.24068954734076153
0.09809747011667586,1.355822626382796,-0.25844270422907945,-0.05527371387568779
0.1528509640991545,1.0172350699633337,-0.35885322737219966,-0.21464739258507437
0.15279654235168377,1.0172252776512203,-0.3781215172547368,-0.2808347863339738
0.15279654269799545,1.0172252778432094,-0.37812137841516147,-0.28083438894314544
0.15280752252099836,1.017213171404615,-0.37506743885703714,-0.26432392950177663
0.1527965425820078,1.0172252775499868,-0.37812144094483474,-0.2808344708306211
0.15279654347082686,1.1172252782906873,-0.27812106725864016,-0.2808335064476362
0.09383808820418778,1.3439065907610366,-0.34766860231921576,-0.19805474109982066
0.15279654404678233,1.0172252787412293,-0.37812082716370393,-0.28083287491101067
0.0934915855801628,1.3479095821951257,-0.3399112679188145,-0.20231653500809693
0.15279654437450485,1.0172252790727796,-0.3781206853112012,-0.28083253248159906
0.1528562954171932,1.017264237755745,-0.35487447901217506,-0.2132615105552231
0.152796542200118,1.0172252775777035,-0.37812157725969536,-0.2808349625171688
0.15279654296229014,1.0172252778879238,-0.3781212795848107,-0.2808340628987435
0.1527965430943905,1.0172252779255464,-0.37812122910988316,-0.2808339033280294
0.15279654283286867,1.0172252778613888,-0.3781213283489951,-0.2808342216841156
0.09109783440208154,1.3993548884241944,-0.2709259775976653,-0.1522508865365967
0.09610781763933123,1.4226430923600972,-0.17942417114941508,-0.12143004772852767
0.15281297087843237,1.0172126869870917,-0.37320228848663434,-0.2574082277105866
0.1528499087675102,1.0172304242354757,-0.3595524956755266,-0.21509879078773042
0.1527965424772831,1.0172252776688904,-0.37812147052304906,-0.2808346305287757
0.1528951067362669,1.0174433492274568,-0.3280257582534084,-0.18489613666765825
0.15281079082828503,1.0172150759589005,-0.3737863186516307,-0.2606384171906949
0.15281643826170854,1.0172006732908148,-0.3728893150014674,-0.2505820323970387
0.1249994708691604,1.1994912198634766,-0.33740353267787465,-0.11723603594091286
0.15280953987153548,1.117211687290581,-0.2744684198078803,-0.16148159503822015
0.15279654409193516,1.0172252789253988,-0.37812079794804754,-0.28083285880626957
0.15279654309404211,1.0172252779248154,-0.37812122927479785,-0.2808339035564689
0.15310032873668994,1.018948969403489,-0.2941289277394039,-0.14102369731472725
0.1527965438974504,1.0172252793811294,-0.37812083642560973,-0.2808332079175763
0.1527965428284462,1.0172252778596946,-0.3781213300307829,-0.2808342267834501
0.15279654281312047,1.0172252781000417,-0.3781213187466187,-0.2808343000197338
0.15280678989597452,1.0172204667879288,-0.37480037599781807,-0.2668138407620316
0.09416183725645931,1.3465270947273391,-0.3355051339762487,-0.1760707052933008
0.15280348085925852,1.0172198340783518,-0.3760173040429129,-0.2708466476867091
0.1527965425887803,1.0172252775581796,-0.3781214379094083,-0.28083446402156603
0.15286990955711766,1.0172877114122885,-0.34872433978695033,-0.20025438961391234
0.1528777014920759,1.0173379212001166,-0.3422961720432329,-0.19844453663527017
0.15281820612470828,1.0172229738978253,-0.37064162343849694,-0.2530099113591925
0.15305777574966828,1.0185167146504464,-0.30211677959526567,-0.15236584472596357
0.1528586774263889,1.0175935426221454,-0.32928379794655016,-0.2595397931129663
0.15285362932783592,1.0174031737278986,-0.34502271377360016,-0.24041412422430025
0.09114779656434845,1.3758571927416297,-0.3040443226897305,-0.17550613935336357
0.1528161327110108,1.0172135456091589,-0.37204753495497217,-0.2536447980755609
0.15282143177622753,1.0172259661857634,-0.3693151033916446,-0.24958625719659033
0.1527965428082987,1.0172252776016297,-0.3781213553971428,-0.2808341946794054
0.15289473075256366,1.0174769825309538,-0.32547684919787984,-0.19348635593644975
0.1055657831672472,1.3515678456818763,-0.25345033650100907,-0.04242630760711287
0.15281228955395,1.017206727825196,-0.37387291445197557,-0.25699894002192264
0.15283351337973827,1.0172022115364119,-0.36704593150204573,-0.22988073539512358
0.15282341307521752,1.0172286580087537,-0.36843974391393025,-0.24765275423150904
0.1527965424143095,1.0172252777280955,-0.3781214891886863,-0.2808347238743897
0.09652706638051155,1.4303883072384929,-0.2553162963562753,-0.1579585164752437
0.1527965439967648,1.0172252788384137,-0.3781208384871366,-0.28083296031401167
0.15281771751070888,1.0172259242951016,-0.37059311307751047,-0.254231364403094
0.15279654267527584,1.0172252777809543,-0.3781213910083848,-0.2808344039372856
0.15280678989584703,1.017220466789472,-0.37480037593082266,-0.26681384124647745
0.1528234363887696,1.0172169718534454,-0.36930009047490187,-0.24525812900240035
0.152817786646705,1.0172142873821388,-0.37142480246129217,-0.2517382163687571
0.1527965430206646,1.0172252773761952,-0.3781212943066902,-0.28083387430417583
0.09762961633018795,1.3698597995265727,-0.21691205147582907,-0.025744815979596984
0.152819741801234,1.017224205248932,-0.37002363563309953,-0.25134115030444043
0.1527965430521414,1.0172252779093427,-0.37812124555242804,-0.2808339534501424
0.09470081152996052,1.337949216591213,-0.35489321041736793,-0.18425226526839436
0.15279654428173703,1.017225279099376,-0.3781207170144753,-0.2808326562968476
0.1527965432082356,1.0172252781832307,-0.3781211698453932,-0.2808338162169109
0.09786758843882613,1.3513493018317355,-0.2759897434014134,-0.0773341590040758
0.10097587959977218,1.3043094147018501,-0.3758296653178937,-0.16157206085045017
0.15279654270070617,1.0172252777483746,-0.3781213840816534,-0.280834364319827
0.15283313713754026,1.017215476927719,-0.3661628753168322,-0.23294386234477693
0.10097654026814396,1.3043108999723816,-0.3758285739890199,-0.16157293837742698
0.09873501192048947,1.317843764828448,-0.36198575380731873,-0.11842576225877219
0.12501674186649897,1.2007593350158223,-0.32974337763031225,-0.15599979302987196
0.15219270501831958,1.0217962741213868,-0.18979784693109775,-0.06490216984785402
0.1530157388135766,1.0189992627289144,-0.2841765658320544,-0.22669533341609072
0.15281228964584284,1.017206728678269,-0.3738728204245129,-0.256999006176607
0.09818987566102344,1.3192032109697083,-0.36734142564715244,-0.1545325357294696
0.09454123652283936,1.3383509970571328,-0.3558729238708984,-0.1914401502467145
0.15283370614743072,1.0172427201581038,-0.36391382379802356,-0.23754216899865208
0.1528170553080742,1.0172255871822713,-0.37084628862821345,-0.2549924212622472
0.15279654294522424,1.0172252776661257,-0.378121301322204,-0.2808340350833223
0.15279654309335924,1.017225277928718,-0.37812122929145364,-0.2808339054516055
0.1528207687228365,1.117203646136767,-0.27119483267434175,-0.24584545794134424
0.1527965439773265,1.0172252789077842,-0.3781208406664145,-0.28083300054107874
0.15279654333928555,1.0172252782332092,-0.378121118907789,-0.2808336608195746
0.10572113601714396,1.2821708962214866,-0.3754180795594075,-0.15513271413639662
0.15279654316939853,1.0172252779963302,-0.3781211970169572,-0.28083382386912836
0.0944417216955957,1.3435132225799737,-0.34172681616903616,-0.17959566084240128
0.15289443851198428,1.0173477809004203,-0.33635970103662605,-0.1785703035791226
0.15279654323783937,1.0172252782143787,-0.3781211569754647,-0.280833785659058
0.15279581452745777,1.0172180392488777,-0.2788755330951448,-0.18005010818275624
0.15256195280598142,1.018239780153817,-0.3102741732666038,-0.2205431746586759
0.15279654416808372,1.0172252787161626,-0.3781207850032388,-0.2808327150921044
0.15300829096468707,1.0187177839060881,-0.3011035279819062,-0.19477499061133743
0.09582654779806439,1.3573228992684123,-0.28609482391533625,-0.14733894729061434
0.09506629625784394,1.3472006797163467,-0.3234223348128971,-0.15489306501108238
0.15285415037017366,1.017244114528156,-0.3571303034031749,-0.21234750666221178
0.10408515391125986,1.29428348846113,-0.32177058670385716,-0.023782356718246606
0.15279654354309946,1.0172252781027011,-0.37812105425526804,-0.28083337251023943
0.11366093865406751,1.2499464986505506,-0.3473383696939186,-0.10339941758112507
0.09694577197402661,1.328855342772025,-0.3524633155282984,-0.12819752468057052
0.09349189910648462,1.347911439327192,-0.33990520881155917,-0.20231476958641498
0.15283590968569313,1.0172215670393823,-0.3647842589008622,-0.23070390257265783
0.15222982150504835,1.017682380300363,-0.28726773275185497,-0.14416409153199922
0.15279654462633752,1.0172252798296573,-0.3781205411420588,-0.28083238164416713
0.15279654320746155,1.017225278184793,-0.3781211700664899,-0.2808338177286262
0.15233432310452827,1.0176996706568886,-0.2916496870721355,-0.17610626638331303
0.15279654434683582,1.017225279578267,-0.37812065990528176,-0.2808326806371053
0.1077031228714444,1.2847292871151568,-0.3291605669100582,-0.051317479480971886
0.1528750369477151,1.0173201647337862,-0.34454280072344995,-0.19904959789299112
0.1527965424414811,1.017225277407817,-0.3781215017962811,-0.28083461775401675
0.15281496505357994,1.0172061034065467,-0.3729953507178182,-0.2535424392820757
0.15285661089572014,1.0174931153587063,-0.33708758305353914,-0.25025755493505597
0.15280459761155618,1.0172201334665592,-0.3755995406755619,-0.26950366913395474
0.15283199416826931,1.0172627133084773,-0.3629872255900379,-0.24357486079209878
0.1527965426724449,1.0172252773382526,-0.37812142304798885,-0.2808343085554753
0.15284000024389074,1.0171916410265744,-0.3657416132136039,-0.21991932726288785
0.15279654226104877,1.0172252774253567,-0.37812156587092066,-0.2808348509846307
0.15297717165593913,1.0187518456327451,-0.29441302433042665,-0.22284359653991237
0.15271784128891838,1.0184646354050595,-0.3203636659436488,-0.2729368446329751
0.15280966285022493,1.0172118866568496,-0.3744110456576469,-0.2613704193618836
0.1061130331469209,1.2821908105962965,-0.36883323080498287,-0.13608141461672216
0.15279654339147514,1.1172252781148442,-0.27812110831880155,-0.280833568057847
0.15285331961065915,1.0172474085612593,-0.35713871735996844,-0.21396767850521833
0.15286199143828616,1.0172682154506094,-0.35275245640072705,-0.20685136144650584
0.1528179007112962,1.0172131467424006,-0.37146970102408405,-0.25136005921128163
0.1528066111162021,1.0172208982139077,-0.37483248850895884,-0.26713192181175105
0.09538817766357599,1.3433020669218352,-0.3308260027077928,-0.15000705411629742
0.15279989578672817,1.0172026735565924,-0.3785131972659565,-0.2715782664878202
0.15281297062680854,1.0172126869069096,-0.3732023815345518,-0.25740852485905164
0.15283628217359752,1.0172192059225098,-0.3648412224953032,-0.22978702549240887
0.15281974097542725,1.0172242046432327,-0.37002396346416944,-0.25134205966543594
0.15279654292434097,1.0172252778588964,-0.37812129536598665,-0.28083410468532094
0.15279654307677148,1.0172252781449926,-0.3781212201832928,-0.2808339750321302
0.1527965430777991,1.0172252781478943,-0.3781212195658253,-0.28083397422355033
0.15287415742531157,1.017379194610876,-0.34013292745195295,-0.20933830329175737
0.1527965429763983,1.017225277824959,-0.37812127888764674,-0.2808340308841462
0.15283086007270702,1.0172190369369276,-0.36665024056902773,-0.23645902026969898
0.15283248160434387,1.0172161979473533,-0.3663255177833533,-0.23389468667524346
0.15287582222501855,1.0174634097410404,-0.33295248811995576,-0.21944805604317957
0.1530620405826083,1.0192646092566617,-0.2831294592392102,-0.1721571524448131
0.1527965442338984,1.0172252793440049,-0.3781207172119723,-0.2808327718650811
0.05279654254248267,1.1172252781000545,-0.378121416733808,-0.180834644105874
0.15309966658086815,1.017720716578858,-0.2804417168350928,-0.14135918697327046
0.15287919321238497,1.0173137303387823,-0.34376799077558484,-0.19278927390151984
0.15279654287537556,1.017225277955463,-0.3781213063208804,-0.2808341885003541
0.1256650002929339,1.2011799955869622,-0.29659835344748886,-0.0400641079257405
0.1528283185986692,1.0172496634781718,-0.3652088825840083,-0.24567902575002687
0.09463118325619385,1.3476887907953494,-0.32760104671811624,-0.17114426829380885
0.15282240214743703,1.01721806617891,-0.36956973568473395,-0.24676683099473234
0.1528250538095374,1.0172127958684758,-0.36906486039762276,-0.24240662085306033
0.15302479943311353,1.0190379501667763,-0.28259593178092013,-0.2179901574709189
0.1527965451380418,1.0172252803748874,-0.3781203176525186,-0.280831852881849
0.09375960134187847,1.3519911991676359,-0.3247977548543043,-0.1909498261651804
0.15279654472699958,1.017225279473611,-0.37812052961613063,-0.28083217398562954
0.15281305522703925,1.017220335880695,-0.37261568889676744,-0.2589135649948101
0.15279654293599249,1.017225277867975,-0.3781212905309368,-0.2808340919751824
0.09796295605060044,1.319389358375494,-0.3699774553240152,-0.16409962467582184
0.15280661173832205,1.0172208983676487,-0.37483225787783314,-0.2671311713494902
0.15279654283641855,1.017225277629846,-0.37812134323100904,-0.28083416520848375
0.09552717792361425,1.3366505552431016,-0.34748062511874955,-0.14890514435449642
0.15279654377753077,1.0172252785638678,-0.3781209370794158,-0.28083317759936854
0.1524995055467621,1.0176542261055808,-0.30844882493441317,-0.20663881872160086
0.15281079040080686,1.017215075798881,-0.37378647933764697,-0.2606389183572608
0.1527965429395018,1.017225277872804,-0.37812128890281455,-0.28083408852085473
0.1528294759409479,1.017229738029005,-0.3663083843268574,-0.24029196507588851
0.15295100716435245,1.018357127352422,-0.3111577409885104,-0.2217464672466827
0.09611946176489429,1.3387642597102336,-0.3140255391910239,-0.13522981345030924
0.09446197695122027,1.343592246767163,-0.3413267630710493,-0.17960358711677846
0.15258993202769022,1.0176802372947014,-0.31492849722059535,-0.23693508780175274
0.15279654352022726,1.0172252784108864,-0.3781210409723356,-0.28083347058251373
0.15279654309499044,1.017225277929825,-0.37812122863781866,-0.28083390368250716
0.15284052967782763,1.0172291987417088,-0.3626840071238018,-0.22645006257114084
0.15287246390036444,1.0172557100544568,-0.3504848367964301,-0.19177706799628108
0.15279654245142116,1.0172252774137873,-0.3781214977425055,-0.2808346063172899
0.15290282807789843,1.0173774305419896,-0.33193776888153675,-0.1744560836817084
0.15281571267561295,1.01722887672338,-0.3710701371773004,-0.2573622934996109
0.09472847800181548,1.3601792734760143,-0.2897818464506808,-0.16059974152145146
0.15282668001420333,1.0172051284212487,-0.36909299246560373,-0.23885402750141513
0.15281283083305017,1.0172065885506127,-0.37369581940797103,-0.25629628121022796
0.0968251744868537,1.3407948924077644,-0.3186786897035132,-0.10960373218152789
0.15281771738981229,1.0172259241389936,-0.37059316620458227,-0.25423148377252963
0.15283072350886473,1.017216259537795,-0.36690524752547377,-0.23608000139736865
0.1528512280996977,1.017220402342627,-0.3599119985073471,-0.21164290789094706
0.10163023861970583,1.3021835678224796,-0.36964768603469306,-0.1072977305423675
0.15288732576358696,1.017334918371202,-0.33956994075127983,-0.18576689362061743
0.15279654349169247,1.0172252783257902,-0.3781210572557621,-0.2808334878054554
0.09646228754850632,1.3605187491093798,-0.27063034347298565,-0.12016214768434437
0.15286289808992962,1.0173482442054873,-0.3461924893094623,-0.21913721960765675
0.10572474283820717,1.282176977890241,-0.37541557159148126,-0.15513480040407218
0.12550726506781576,1.2022034861117994,-0.3015108894529445,-0.1214524777339893
0.15281778704693377,1.0172142878229895,-0.3714246327731853,-0.2517378092363968
0.15285366609874515,1.017228312350095,-0.35851928643080905,-0.21009621192272435
0.1256328932908297,1.2007821330027397,-0.299553196740294,-0.03061241339848817
0.1057213314884209,1.2821704302833945,-0.3754167465387833,-0.155131938208449
0.15283682983456187,1.0172109732722026,-0.36528915077409113,-0.22752025727147696
0.15279654262785727,1.0172252770072139,-0.37812146235591365,-0.2808342911459208
0.15282984708451675,1.0172571246950637,-0.364133095470386,-0.24521080620415958
0.1529027221340188,1.0174457087763242,-0.32544588924886214,-0.17443314288954426
0.09337335775898153,1.3508072561547066,-0.3328448600763149,-0.2044859474818478
0.10210922087800693,1.3039551829435485,-0.3590150621240294,-0.10750890212613448
0.12528667680050065,1.1995909197692285,-0.32213029936779025,-0.06263443332954113
0.0938466387527562,1.3503932731070516,-0.3286499884877847,-0.1904007013735733
0.15279654412299282,1.0172252790744007,-0.37812077628314605,-0.28083285269542685
0.15281646402446386,1.0172058031157964,-0.37250274834293373,-0.25161969971925074
0.1527965426929856,1.0172252775672959,-0.3781213995426978,-0.2808343335789965
0.025616381419769896,1.2032495499376488,-0.17837552296468714,-0.0912000616135744
0.15279654416896954,1.0172252789049743,-0.3781207714779994,-0.28083275626530724
0.15281720804132043,1.0172256708656147,-0.370787434681965,-0.25481811409592064
0.15279654243860136,1.017225277505721,-0.37812149595885153,-0.28083464322205076
0.15281220363943784,1.0172067573060046,-0.37390050964868426,-0.25711206067685927
0.09578465439400079,1.3306096412261559,-0.3640021056972618,-0.18252265642011745
0.15161432711964545,1.0366129138578277,-0.3181071255161293,-0.272363341865783
0.15282341319774792,1.017228657900883,-0.36843971020094096,-0.24765257909020558
0.10572376887458017,1.382174711131231,-0.27541535019890406,-0.15513380683688657
0.15279654310721338,1.0172252777848687,-0.37812123434475803,-0.2808338556453721
0.15280519402268464,1.0172204224879486,-0.3753675664089423,-0.26881460377719285
0.15279654257310693,1.0172252777845114,-0.3781214277207769,-0.2808345345184855
0.15279654281221286,1.0172252781011601,-0.37812131899677975,-0.2808343014268463
0.10606512966876949,1.2803412038103752,-0.37315244851978957,-0.11071289429796807
0.1528180649407047,1.0172162873338804,-0.37118210164202325,-0.2518051942945068
0.15283464155092333,1.0172199817662246,-0.3653234461105119,-0.2319643548463163
0.11363485681841023,1.2480059314227778,-0.35099317631810667,-0.05625718356948889
0.1528234141786585,1.017228658682136,-0.36843931818375547,-0.24765150920859064
0.1527965425383684,1.017225277742453,-0.3781214432573862,-0.2808345693286225
0.1527965429446901,1.0172252781176065,-0.37812126985913824,-0.28083413659979617
0.15284065848980027,1.017267958179762,-0.35968503025413096,-0.23358957583824239
0.15281771668563388,1.0172259239504857,-0.3705934228101311,-0.25423232822457725
0.15279654281546076,1.017225277609519,-0.37812135225178084,-0.280834187345031
0.08632206821829963,1.3637654800172028,-0.30740161269048627,-0.1335859986219719
0.09887992021083462,1.3178467441165764,-0.3598027685386715,-0.11202779640102559
0.15281541172052726,1.017221347977632,-0.3717246588211185,-0.256172036459539
0.09696461991176447,1.3300562341402515,-0.35022651575935804,-0.13991881034735176
0.15279654420745148,1.0172252789301919,-0.3781207557785305,-0.28083271297709844
0.1527965428132271,1.01722527810153,-0.3781213186127198,-0.2808343002515115
0.15285617021087597,1.0173104984134296,-0.351316185069727,-0.22148071147234435
0.15272484256174207,1.0175518030994843,-0.32232769730815547,-0.20525181438653736
0.09360931668806281,1.350023785059058,-0.3321172011473821,-0.1941613776763113
0.15280661244854,1.0172208990088962,-0.3748319611490899,-0.26713041493965706
0.15285676326562117,1.0172663354261242,-0.35456113445260634,-0.21304655503309494
0.09675716227895165,1.3287117927086596,-0.3552623534371471,-0.13383075946417364
0.10407405619787301,1.3090043424116515,-0.3097872683658514,-0.04373127466234406
0.09657468216152279,1.3394692808091262,-0.3286827487100302,-0.1381924079183356
0.09421746986326597,1.349713442384823,-0.3260065015351167,-0.17635699341762306
0.1528141613910364,1.0172207828168123,-0.37219901384400705,-0.25762066819487484
0.1528491308771731,1.0172799740401743,-0.3559718248970755,-0.225069480442257
0.15279654286337713,1.0172252771221832,-0.37812136904298566,-0.28083401746040504
0.15281596364986513,1.0172134820421606,-0.37211039265159157,-0.2538422534692142
0.1528026219003204,1.0172120996349245,-0.37687383843940375,-0.2702377105119276
0.15279654282881608,1.0172252778452562,-0.3781213308878557,-0.28083422300994415
0.15281790173662774,1.1172131477153844,-0.3714692779386683,-0.15135898434093428
0.15282831822553292,1.0172496632037549,-0.36520902982451176,-0.24567944314091997
-0.0050054348689298,1.3549439255669855,-0.2024131328055586,-0.06340264367825144
0.11314923950634201,1.249760667461487,-0.35999233164108535,-0.14034800300159755
0.1521389308451238,1.0176868364544536,-0.28667028228535296,-0.13332387232738285
0.15237782573360154,1.0175936731400586,-0.2986149083516396,-0.15858081065293916
0.15279654453631678,1.0172252798100812,-0.37812057507653846,-0.28083249161602936
0.1527965430763264,1.0172252781476874,-0.37812122009133853,-0.28083397597073767
0.09487859043815143,1.3498879741619145,-0.3178763566323251,-0.15887226360565238
0.15279654390776015,1.0172252785736822,-0.3781208892443723,-0.28083301423296025
0.1528881552183516,1.017351892454959,-0.33794487280414226,-0.18722161385070418
0.152931280927611,1.1176795752313384,-0.21384376578600625,-0.23228512957062877
0.15282548996445516,1.017222283093818,-0.3682093665265191,-0.24377490510875194
0.1527965426614984,1.0172252775328954,-0.3781214133987028,-0.280834366078433
0.15281416039642778,1.0172207825650883,-0.37219937714923834,-0.25762186200759646
0.09382834135409951,1.352359027416105,-0.3231693228276247,-0.19129603305050422
0.1528321785426497,1.117207313102004,-0.2670988712067628,-0.2325216989670275
0.15287738583689203,1.017379286628072,-0.3390991276551737,-0.20514074535807925
0.15282143185263036,1.0172259664257117,-0.3693150595146605,-0.24958621041201134
0.15281228813412573,1.0172067262309552,-0.37387352224642123,-0.25700036906620133
0.15303257008264282,1.019587404256766,-0.2542832097983646,-0.19637484508137643
0.15280661261457412,1.0172208993416485,-0.3748318786607707,-0.2671302775247336
0.1527965426960118,1.0172252778034472,-0.37812138191780775,-0.2808343825760081
0.1527965429626229,1.017225277889344,-0.3781212793886664,-0.28083406288256646
0.15279654320698674,1.0172252781854014,-0.37812117017402425,-0.2808338183927446
0.11319527597479616,1.2498236298658612,-0.35873435274605103,-0.13804311877197015
0.15286632555422827,1.0172938862285597,-0.34936071656962003,-0.20577634199510947
0.09828813804187833,1.319463547635449,-0.36552411721042805,-0.1535334825476047
0.05279654267702028,1.017225277706548,-0.27812139558174076,-0.28083438505725977
0.15279654466466647,1.0172252797904868,-0.3781205299991896,-0.2808323241238849
0.15281512461970187,1.017220063609678,-0.3719178962893903,-0.2562635675654208
0.1009768555224049,1.3043123100868896,-0.37582750479435073,-0.1615735513576382
0.1527965436095171,1.117225278404394,-0.3781210090779617,-0.1808333555418222
0.15297980090514027,1.0185933920666976,-0.30421370131375736,-0.24199303916274287
0.15286819583666522,1.0173415066060596,-0.3450135281055375,-0.21119128398336298
0.1527965420721603,1.017225276557372,-0.3781216950483317,-0.28083489700273595
0.15279654333970122,1.017225278233843,-0.37812111873183385,-0.28083366049932285
0.15279654322499853,1.0172252779759565,-0.37812117833583947,-0.2808337487052398
0.09821406853472246,1.3194858225982227,-0.3664730067115253,-0.15636234864081983
0.09580739720675997,1.3431933285510267,-0.32565907944245354,-0.13523235940097855
0.1528189715151196,1.0172222547122465,-0.37043160402076875,-0.2519040511410121
0.15286468073093784,1.0172662700775696,-0.3520593345931537,-0.20317270029342588
0.1247063476891434,1.2008450962210886,-0.3390743802114474,-0.19045308944810643
0.15301636431807286,1.0177651067685514,-0.29483359392862324,-0.20359887348280545
0.15287365267518996,1.0173130523793357,-0.3455412611402522,-0.19966890128991127
0.05280280512609508,1.0172120590738474,-0.27681173041105733,-0.16999877847637465
0.1521050842313171,1.0181280332026652,-0.2494187861200031,-0.14620102185028055
0.10312667297004417,1.30454473394457,-0.33799336513366307,-0.04947651495678936
0.15279654412335733,1.0172252788731635,-0.3781207902285904,-0.2808328071697272
0.10301122522557192,1.3174168611555477,-0.2768250554131668,-0.013153449626127207
0.15287580050214647,1.0174632160588037,-0.33297506891592976,-0.21945139448663176
0.10097560660820927,1.3043078232788412,-0.37583098767992884,-0.16157178290481297
0.0823914165599612,1.2325343177557146,-0.24806031543429907,-0.07605123729801751
0.15281374064010328,1.0172063738433637,-0.3733973091934078,-0.2551200584749674
0.15282143165826453,1.0172259663031087,-0.3693151350769681,-0.24958642890666558
0.15279654241631604,1.0172252777298947,-0.37812148830128633,-0.28083472160568196
0.09781797418754307,1.3197350285174247,-0.37116551885004484,-0.17196851518186063
0.15286308556166917,1.0172586109776247,-0.3531649446557724,-0.2038378596638998
0.09383780355847862,1.3439065511360524,-0.34766936450235486,-0.19805609694600662
0.15313065913210167,1.0177133795212707,-0.27509651108284977,-0.11573060551251431
0.15279654396719677,1.0172252792339465,-0.3781208214701753,-0.2808330862916826
0.1528255353090992,1.017195409284806,-0.27016911984056335,-0.13813904930156026
0.1531391798433596,1.0194657288307993,-0.26768426848059834,-0.10952853370549988
0.10352236035189169,1.3513134389519825,-0.3101405382533791,0.025256101151020557
0.1528450931142181,1.0172336722015374,-0.36085344039742084,-0.2216429554660279
0.15280246249123539,1.0172200619266072,-0.27636343877593106,-0.1721813333074372
0.09404634283287075,1.3525273470628747,-0.32034279937983373,-0.18665965492974013
0.15207189988368475,1.0193898798647945,-0.2813732741825477,-0.10462301001561856
0.15279654410948054,1.0172252793031664,-0.3781207651203546,-0.2808329209247367
0.15279654296007583,1.1172252778869982,-0.3781212804382929,-0.18083406546306166
0.15279654399476683,1.0172252790871383,-0.37812082180255363,-0.28083301851738945
0.1528265985268096,1.0171961155773928,-0.3697975862813539,-0.23714087754716148
0.10606510219668176,1.2803411936746436,-0.37315262316208425,-0.11071325565154712
0.05285440308353259,1.0172436396339382,-0.257086834896773,-0.21194984071720344
0.15284055061331447,1.0172143805371767,-0.3638133717628811,-0.22360519940444562
0.1250499835913281,1.200784776605946,-0.32900477920965177,-0.1547045952371354
0.15281720871096044,1.0172256712852787,-0.37078717283847856,-0.2548173609010102
0.15283836694666797,1.0172899381705713,-0.3587878382343061,-0.24061936669001538
0.09865628694827018,1.3560928225244653,-0.2747407869283906,-0.12332923207151429
0.1528216295457214,1.0172225550317016,-0.36949999252249155,-0.2486439443381901
0.05281820561863629,1.117222973673029,-0.37064181398876306,-0.15301049840341
0.15279654420543143,1.0172252791487584,-0.37812074122665157,-0.28083276451187267
0.15279654309306925,1.0172252779264679,-0.37812122953326044,-0.28083390524776
0.09623816769709523,1.3433134709488854,-0.31941089051978827,-0.1187927626570319
0.15281771768550112,1.117225924411031,-0.27059304428907316,-0.15423116900648579
0.152796544315702,1.0172252790439282,-0.37812070862040503,-0.28083260078999134
0.152823413657746,1.0172286583804642,-0.368439517978729,-0.2476521003068791
0.1528252442752354,1.0172050740063263,-0.369578338269962,-0.24061260008334376
0.1527965425606381,1.0172252773075536,-0.37812146567065597,-0.28083444381429984
0.15279654290440464,1.0172252775009778,-0.37812132765220646,-0.2808340499933225
0.15289937103286705,1.0173566879351952,-0.3341880840420554,-0.17373248292018353
0.1527965438015347,1.0172252785948992,-0.3781209262041303,-0.28083315397860015
0.11317687703409378,1.2497722447994777,-0.35954263265177944,-0.1391072236504757
0.15279654343161714,1.0172252781686157,-0.3781210900032793,-0.280833528995898
0.1528234133897453,1.0172286582139995,-0.3684396216021271,-0.24765240213040607
0.1247156660240456,1.200844258548941,-0.33907233361694294,-0.19045377380020312
0.15283176143055485,1.0172157904776404,-0.36659541084174796,-0.23470442736770958
0.1528283170530482,1.0172496614171838,-0.36520956122760756,-0.24568057162870177
0.15233398798085762,1.0176534760744003,-0.30126370164062233,-0.17731752708661183
0.15237369943025364,1.01847292066825,-0.3082605298348944,-0.12881836706742888
0.15279654557343328,1.0172252804298731,-0.37812015616581557,-0.28083131164291614
0.15234329027285495,1.0186691800641527,-0.30244368823321366,-0.17604460466623748
0.15282151000913322,1.0172166711925716,-0.3699766283156604,-0.2475928681555788
0.15285571661641742,1.0173304256125562,-0.34992175896303596,-0.22547848554220246
0.15279654268832005,1.017225277447556,-0.3781214096278385,-0.280834312770133
0.15279654322417588,1.0172252779757371,-0.3781211786053014,-0.28083374954442525
0.1528570449961579,1.117298029184593,-0.3520007007092086,-0.11821502226719702
0.1529532237223625,1.017490391996694,-0.31928140437057567,-0.15953849531167968
0.09430566817451612,1.3548590516067995,-0.31066842093377894,-0.18202138069830978
0.15233432680028944,1.0188016272216072,-0.29204397577074404,-0.17564523449028713
0.1528122907632133,1.0172067298333014,-0.3738723493241361,-0.2569978603141447
0.15279654282672642,1.0172252776209143,-0.37812134736282615,-0.2808341755254011
0.1528121418365482,1.0172199948622045,-0.37295834641993625,-0.25998722274764224
0.1527965430867585,1.0172252777351523,-0.37812124522841206,-0.28083387051780007
0.15283595730448657,1.0172799869255593,-0.3603505678954797,-0.24183419062046352
0.09781820522723816,1.3197359984719852,-0.37116419157100133,-0.1719692483334498
0.15300402012679848,1.018865317873235,-0.29054103204566994,-0.20194902290641947
0.15285661256864796,1.0174931185755998,-0.33708677337413884,-0.2502557663547232
0.1528214314922774,1.0172259660430134,-0.3693152109743114,-0.24958658337756653
0.15238829987286456,1.0186033363279727,-0.2995643866504467,-0.163569884512415
0.15282962726229996,1.0171998377037816,-0.3685096776164819,-0.23417362119276475
0.15279654265472464,1.0172252775259478,-0.378121416290512,-0.2808343729685779
0.15285195215249459,1.0173203256287369,-0.3519400170627393,-0.2286071998493101
0.15279654256628783,1.0172252776308508,-0.37812144098254474,-0.2808345089349611
0.1527965433571399,1.0172252780335498,-0.3781211264368276,-0.2808335935063093
0.15281993399683408,1.0172127991399358,-0.370800274689355,-0.2487596534347788
0.10707626168822493,1.2831956698646443,-0.34787439825176075,-0.09079978002006663
0.15281646460223197,1.0172058038095653,-0.372502499252064,-0.25161912770402894
0.15283595682185153,1.0172799864934152,-0.3603507633480655,-0.2418347257230875
0.1527965426262726,1.017225277725992,-0.3781214125789581,-0.2808344538743733
0.1528030218249136,1.0172198832372479,-0.3761770241183688,-0.2714364193036931
0.15280347914542092,1.0172198332787243,-0.37601797013207466,-0.2708486349037961
0.15279654282711197,1.0172252778434179,-0.3781213316431166,-0.2808342248059076
0.15281228879270545,1.0172067268651663,-0.37387324800006716,-0.2569996839350978
0.0950869212669258,1.3380034858179362,-0.35026767772431805,-0.17379018892427395
0.1527965444306026,1.0172252791874612,-0.3781206569586707,-0.28083248678005923
0.09468923260462109,1.34844242189331,-0.32479463867247094,-0.16930076070621014
0.15279654362978992,1.0172252784091007,-0.3781210014562219,-0.28083333098780716
0.15285755822240443,1.0172833242747603,-0.35298059466596765,-0.21501837472811083
0.15279654255825795,1.0172252776208515,-0.3781214445888611,-0.28083451690581923
0.1527965432066341,1.0172252781851507,-0.37812117032810755,-0.2808338188199992
0.15279654296208162,1.0172252778877875,-0.37812127968854986,-0.28083406319863136
0.1527965432081016,1.017225278185698,-0.3781211697318001,-0.2808338169820666
0.15302218025014208,1.018566399015793,-0.3055249500986759,-0.15889474501093387
0.152796543545937,1.017225278342944,-0.3781210364120531,-0.28083342266330574
0.15282385612569865,1.0172187354076112,-0.36902663095806537,-0.24509328744812833
0.15281897045202528,1.017222254196256,-0.37043200680158894,-0.25190527424242476
0.1528061463883176,1.01721693402241,-0.37528102273302044,-0.2668614176187781
-0.0033338090438481687,1.4290347888758308,-0.35594938168027335,-0.04042944335349832
0.15279654387183478,1.0172252782660571,-0.3781209238132051,-0.28083299117226845
0.15281305542035678,1.0172203358812228,-0.37261562167053214,-0.25891332277181023
0.05279654282573716,1.017225277616735,-0.2781213480161686,-0.18083417585338155
0.15289548079914156,1.0173876468498202,-0.3328219439512482,-0.18295177027753873
0.15279654257961198,1.0172252778506479,-0.3781214207846514,-0.2808345412239816
0.15302025726285368,1.0176534769228658,-0.3012635397241125,-0.1773173242833964
0.15285034555662325,1.0172221398795172,-0.3600576350987218,-0.21304229621406437
0.125143036886069,1.1995089085422757,-0.3286484468122995,-0.08459357387808059
0.15287014678860714,1.0172895022797837,-0.34850806108646065,-0.20025295362966242
0.1527965424537649,1.017225277418389,-0.3781214965933683,-0.2808346044477148
0.1528170555942756,1.0172255875807965,-0.3708461605652282,-0.2549921445308011
0.15279654292933245,1.017225277860709,-0.3781212934361914,-0.28083409876235943
0.15279654309480778,1.0172252779276867,-0.37812122881949095,-0.28083390331131425
0.15281993388496418,1.017212799114453,-0.37080031467024643,-0.24875978703712243
0.15279654254633077,1.0172252777510264,-0.3781214397931792,-0.28083456118972316
0.15322609029330803,1.018065662823558,-0.23071228512148242,0.0023396476714050395
0.15286153564601046,1.01726335104213,-0.35327923626975233,-0.20657922035206108
0.1527965424893574,1.0172252774522625,-0.3781214813327873,-0.2808345667671928
0.15279654335718323,1.017225278033269,-0.37812112646547,-0.2808335934729268
0.15270177248149291,1.1175089542507042,-0.3201556630577278,-0.0801338826240433
0.15281220796894743,1.0172146211982902,-0.37332610737393035,-0.25876937937781763
0.15299518329349007,1.0183035658461583,-0.3117067711941203,-0.15825861792268292
0.12542040242273353,1.201320015281618,-0.31136452120047897,-0.11616694972741684
0.1528121247615202,1.017206776883339,-0.3739263967448992,-0.2572143400867364
0.12470635722124768,1.200845097279091,-0.33907408631510855,-0.19045220285695533
0.1247743764875856,1.2007908505562037,-0.33700916036355233,-0.1814595898815441
0.15281305580500237,1.01722033599711,-0.3726154794645428,-0.25891286466051716
0.15282505904015262,1.0172402185500926,-0.3670208690947445,-0.24791252259559365
0.09655721273694247,1.328954706045022,-0.3575273555270727,-0.14344726765764532
0.15292453665588157,1.0176686305716847,-0.3238522207353798,-0.15840771016638036
0.15283248242780068,1.0172161989210529,-0.3663251707691263,-0.2338938598077735
0.15281571276077024,1.0172288765941737,-0.3710701170704963,-0.2573621594233319
0.1528030214983647,1.01721988302009,-0.3761771557662293,-0.2714367838824367
0.15282240091186564,1.0172180646334812,-0.36957027027743056,-0.24676805445705127
0.15279654266499276,1.0172252777683066,-0.378121395588767,-0.28083441407835746
0.15279654281237676,1.017225278099918,-0.3781213190350378,-0.28083430097420453
0.1528172078723059,1.0172256706858953,-0.3707875061777038,-0.25481828891349867
0.0962327226727816,1.3381961662662984,-0.33561805407348255,-0.13894664454929492
0.15279654374726065,1.0172252786333813,-0.37812094319120165,-0.2808332317047281
0.15288048962272596,1.0174470778844393,-0.3327224740195336,-0.21083559608731264
0.15281720791357506,1.0172256704297546,-0.37078751076112504,-0.2548181842661102
0.15279654280273272,1.0172252778161348,-0.37812134236838585,-0.28083424965330694
0.1526170425101359,1.0174953539732947,-0.31984201379744676,-0.16278736452242473
0.15297572239386992,1.0180600465331546,-0.31412193118885934,-0.1793684379677242
0.15283199450169316,1.0172627137730168,-0.3629870778462564,-0.2435745271366196
0.15281912307033238,1.017222286569223,-0.37037725470544886,-0.2517210756488093
0.09787234366936462,1.3192144016713099,-0.37151664465844947,-0.16549226290381316
0.1527965433401533,1.017225278035853,-0.3781211324356296,-0.2808336156467028
0.15279654283152697,1.0172252778592699,-0.3781213289339011,-0.280834222734922
0.12472444667183272,1.2008434718107446,-0.3390704080221834,-0.1904545488986981
0.15281305616646873,1.017220335985268,-0.37261535469053403,-0.2589124090237394
0.0944006671303648,1.3433177392747817,-0.34261301357544277,-0.17934555230849344
0.15279654375819895,1.0172252786480411,-0.3781209381733765,-0.2808332209642303
0.15279654322505165,1.017225277977632,-0.378121178186702,-0.2808337489663
0.15286008269646129,1.0172537805985549,-0.35449085421744064,-0.20671812981171142
0.15279654279821048,1.0172252776974404,-0.37812135233169364,-0.2808342289051258
0.15284083633497042,1.0172301323372401,-0.36251217626288923,-0.22624737217976376
0.10097647547056253,1.304310675587154,-0.37582815896592786,-0.16157286714998367
0.097006472424505,1.3573746307476957,-0.2672118592332801,-0.08909209161265756
0.15281778745029462,1.017214287785161,-0.37142449726806553,-0.2517372991595625
0.15279654281447877,1.017225277606718,-0.37812135281914155,-0.2808341880186536
0.15281228867938673,1.0172067266317724,-0.37387330425826903,-0.2569997755567553
0.15280519327943798,1.0172204222545846,-0.37536784627074515,-0.2688154899586108
0.1527965424471095,1.017225277771889,-0.37812147423651576,-0.28083469193509003
0.10285235187163971,1.304579681917293,-0.3439871478867892,-0.06919722079520169
0.15279654401670967,1.0172252788386666,-0.3781208312775121,-0.2808329351122875
0.1528063491899445,1.0172133561455625,-0.3754665773351882,-0.26583419757827104
0.1528809438764644,1.0172720813306384,-0.3465846881076868,-0.18402059718256492
0.15279654297281287,1.0172252778200668,-0.3781212805353192,-0.2808340343770165
0.15281613230762725,1.017213545292792,-0.37204769700643103,-0.25364523492318264
0.15281436636118761,1.0172129956539584,-0.37269688976843723,-0.25573204245618447
0.05279654280610235,1.1172252778198841,-0.3781213409359241,-0.18083424638579162
0.1527965440336843,1.017225279369259,-0.378120787933818,-0.2808330320651954
0.15279654322424308,1.0172252779758857,-0.37812117862509886,-0.2808337496882521
0.15281328096802357,1.0172143033380485,-0.372976934067406,-0.2573615026099512
0.15280347933896854,1.0172198333027611,-0.37601789963471904,-0.2708483960445788
0.1530473141589117,1.0175553923567855,-0.3032309037665624,-0.15682088160999597
0.15255687659253947,1.0177074217534623,-0.22203409070295568,-0.1629398515826869
0.1528252460006854,1.0172050766015877,-0.36957756461620467,-0.24061099674704747
0.1527965422881761,1.017225277460984,-0.37812155354116544,-0.2808348244172703
0.15279654281423774,1.0172252781016033,-0.3781213182326235,-0.2808342989516417
0.15280401281440048,1.0172199208506698,-0.37582217715439353,-0.2701947235209625
0.1527965425748452,1.0172252777880546,-0.37812142685339883,-0.2808345331430916
0.15287515695960519,1.0175259350905657,-0.3277131822404443,-0.22270609223410803
0.15281676636103772,1.017222059068825,-0.3712046718719654,-0.25462323034299045
0.15279654230011225,1.0172252777431672,-0.3781215294951145,-0.2808348724906949
0.15286858690077681,1.017342182663102,-0.344835270019854,-0.2107956213782075
0.15279654210075144,1.0172252773220214,-0.3781216311544283,-0.2808350317053884
0.1528161322814155,1.017213544788059,-0.3720477430923317,-0.2536451625233508
0.152907379653077,1.017317736689199,-0.33503751266322235,-0.1583000361334259
0.15237484690160868,1.0185885184927579,-0.30018317439108877,-0.13820471289816982
0.15279654391270225,1.0172252794047667,-0.3781208292822167,-0.28083319393268663
0.09635891142942495,1.3303886706335928,-0.357433640947273,-0.16336699123660814
0.1528197419040747,1.0172242053987253,-0.3700235893006877,-0.25134105222303377
0.15279654268644083,1.0172252775599195,-0.3781214024468502,-0.2808343403064712
0.15284373529064352,1.017319181468548,-0.3547671933853363,-0.2390549762416643
0.15279654260904302,1.0172252777083775,-0.3781214200406985,-0.28083447180137117
0.15279654302145435,1.0172252772746646,-0.3781213011209732,-0.28083385056320054
0.15279654296198888,1.0172252778897566,-0.3781212795970653,-0.28083406380627624
0.15283484361043712,1.0172127465890546,-0.3658065876849237,-0.2303070605180939
0.15280459747769579,1.0172201336801832,-0.3755995728650782,-0.26950388426752864
0.15281374008015974,1.0172063729715106,-0.3733975661484078,-0.2551205708171412
0.15286833641600653,1.0173421169285888,-0.3449204962295799,-0.21110784241501432
0.1527965423417659,1.0172252771659507,-0.37812155480946325,-0.28083469034084074
0.1527965430943779,1.017225277927167,-0.37812122898948525,-0.28083390366002176
0.15279654322528935,1.0172252779766096,-0.37812117815166635,-0.28083374836029523
0.15280262481293688,1.0172200146283432,-0.3763089858762037,-0.27196610967985607
0.15281993357123627,1.0172127988251287,-0.3708004430865427,-0.24876011754893318
0.15281705522867417,1.0172255869448805,-0.37084633343684925,-0.25499247169887906
0.1520081011708333,1.0177603512773055,-0.270512021283062,-0.09329898331742188
0.15279654458742273,1.0172252793270036,-0.37812059042543555,-0.2808323186697142
0.1527965432064591,1.0172252781844753,-0.3781211704296902,-0.2808338188560088
0.15203308330118814,1.0179776877069326,-0.2441656866471173,-0.06970465127570992
0.15283683094529335,1.0172109745233813,-0.3652886913357942,-0.22751913524134815
0.15281140963621814,1.0172148669969148,-0.27358589352368123,-0.15981976658930416
0.15305368478124626,1.1220865820426824,-0.10359614762652328,-0.04299504648041601
0.1527965434820421,1.0172252780686593,-0.378121078753071,-0.2808334425477423
0.15279654281286448,1.0172252780999471,-0.37812131885432254,-0.28083430035870105
0.09818916719613485,1.318129874945096,-0.3692789391421866,-0.1433854714763165
0.10152953726729734,1.3040079825099384,-0.3682716981975954,-0.1357900755967416
0.1528045982401564,1.0172201339489582,-0.3755992833512391,-0.26950298148593144
0.1529049501835823,1.0173802230544644,-0.3304254694493008,-0.16850889624401494
0.10232118106902587,1.3047251330066838,-0.35408626627275647,-0.10620804155053176
0.15279654403679216,1.0172252787993659,-0.37812082672162006,-0.28083290066404615
0.15279654294411413,1.017225278117585,-0.37812127010018215,-0.280834137435909
0.05281820593702464,1.0172229737164826,-0.2706417012859036,-0.2530101087661843
0.1249444133723407,1.1994951033133199,-0.3374108159608207,-0.11722906552832738
0.15280519442350143,1.0172204226447297,-0.37536741327204104,-0.26881413258802483
0.1528677850930464,1.017379031309373,-0.3421983054815288,-0.21767730704144675
0.15279654245171873,1.0172252774166164,-0.37812149748210255,-0.2808346067392868
0.15281821899873665,1.0172054932074674,-0.371925366801788,-0.24938022377986382
0.1527965421855555,1.0172252774889659,-0.3781215887580685,-0.28083496122627677
0.1528336736268904,1.017242718276799,-0.36392484120447177,-0.23758256708678432
0.15289505741333997,1.017345352630051,-0.3363453717302535,-0.1773210413527271
0.152796543618823,1.017225278166724,-0.378121022354539,-0.28083329055651024
0.15279654335806042,1.0172252780336997,-0.37812112610333404,-0.28083359240401434
0.1528234362990538,1.0172169718839648,-0.36930011858653544,-0.24525824663796672
0.15298251463951276,1.018397552957119,-0.3079306635864469,-0.19509262724698725
0.15280960571195093,1.017211629629786,-0.3744496095679439,-0.2613869921172013
0.15281305514292226,1.0172203357192622,-0.37261572991117475,-0.2589136365676846
0.15255536502762113,1.0176613736628564,-0.3137926070439487,-0.23232628958412668
0.052816766673823935,1.0172220592184236,-0.271204553005141,-0.2546228696519915
0.15286490246357173,1.0172649908834919,-0.352090950152701,-0.20267917854298909
0.15282150807827322,1.0172166698044551,-0.3699773883286149,-0.247594987336286
0.15279654279462407,1.0172252778074289,-0.3781213459365421,-0.28083425809998047
0.1528962945412501,1.0173155120265045,-0.33845070864963217,-0.17164489426002752
0.15281820585976424,1.0172229737191434,-0.37064172769213405,-0.2530102061436497
0.09428256661532496,1.3499043702542235,-0.3248466188697258,-0.17589382282265245
0.15281297112357328,1.0172126874206655,-0.3732021718947399,-0.2574080130795258
0.15280246277778747,1.1172200618411767,-0.276363342767599,-0.17218095292547206
0.15279654399120868,1.0172252786898819,-0.37812085089097514,-0.2808329341180821
0.15279654322622327,1.01722527797695,-0.3781211778010662,-0.2808337472887254
0.15279654296052492,1.0172252778881863,-0.3781212801949569,-0.2808340651705144
0.15269696130767038,1.0177994288146983,-0.32192082639457037,-0.18937394173134312
0.15287717349844926,1.0173198745713465,-0.34390098509793177,-0.1962998832482325
0.15281655759198257,1.0172161704664944,-0.37170863781382385,-0.25366119250586777
0.11334912461772884,1.2495784701470527,-0.3561133614649002,-0.12287184801082243
0.15288730824409025,1.0178337382447098,-0.32314211536749987,-0.23679117432996552
0.15283367389512023,1.0172427184187849,-0.3639247407955908,-0.23758225839733227
0.05280377606112598,1.1172119374421072,-0.3764764391241793,-0.16875362448624695
0.15285376855177768,1.017404355692943,-0.34488506931245466,-0.2404201832416583
0.15308194396398425,1.0176833229566415,-0.28663956283077685,-0.14998035316423386
0.15303163949931162,1.0184956822697067,-0.3027461754695636,-0.1754482488663149
0.15279654348666682,1.0172252783706386,-0.3781210558988763,-0.280833504094421
0.0983554305549537,1.3387012187375629,-0.2845648104104302,-0.0037845489585313155
0.15287308930506088,1.017234889408912,-0.35196394658055813,-0.1875243137218469
0.15282143107818313,1.01722596594316,-0.36931535986456954,-0.24958708117316175
0.15279654280994467,1.0172252776012431,-0.37812135483740306,-0.2808341925325094
0.1247063619206152,1.200845100137094,-0.33907392811361103,-0.19045182366692182
0.15279654414149824,1.0172252788468819,-0.37812078551803835,-0.28083277828799585
0.15286798404609947,1.017270978859057,-0.35065335759422595,-0.19986696765328663
0.1528322816876044,1.0172225004664466,-0.36591533200109666,-0.23537801759291907
0.15279654277419075,1.0172252775662853,-0.3781213702122368,-0.2808342301056602
0.15284928287313393,1.0172765864721516,-0.3561830001008561,-0.22426760825953118
0.15283217710771957,1.0172073116040332,-0.36709945930581384,-0.23252316794600406
0.15247725127509076,1.01752350052913,-0.30728943755400895,-0.15363377404492637
0.052796543050241,1.0172252780859115,-0.27812123387512944,-0.18083399536038738
0.15279654511390137,1.017225280403423,-0.3781203243907794,-0.28083188995109465
0.10715284415343426,1.2839473744524792,-0.34467575330755257,-0.09630883703235336
0.1527965437814992,1.0172252786687248,-0.3781209283012231,-0.2808331960172178
0.15279654307555882,1.0172252781465019,-0.3781212205029943,-0.2808339768600126
0.15267763686371666,1.0174588547731525,-0.31952495841156375,-0.1558127404100418
0.1528250591277166,1.0172402190266925,-0.3670208038882859,-0.24791250792120953
0.15279654302637333,1.017225277884208,-0.37812125666829777,-0.28083398068610077
0.15281436651244046,1.0172129960397551,-0.3726968092963216,-0.25573193469950833
0.15285311393525636,1.0174244446617846,-0.343572186685482,-0.24458866929685477
0.09781778788412869,1.3197314907622024,-0.3711697855398886,-0.17196736922892328
0.15281093416341968,1.0172150221849339,-0.373740252690873,-0.26044760744436646
0.1528339420802755,1.0172432021403273,-0.3637985797570842,-0.23733974880111677
0.15279654275741314,1.0172252777674444,-0.3781213621894264,-0.2808342963949447
0.0938380944044272,1.3439070630929968,-0.3476673367691762,-0.19805484150678293
0.15298980081008454,1.0175479886218988,-0.31178283276288526,-0.17782750246147497
0.10723199340609608,1.2837009563115644,-0.34338361702473996,-0.08618678875032294
0.15279654377540278,1.0172252786598317,-0.37812093114152945,-0.28083320181407695
0.09392995869560299,1.3515305405372708,-0.310301877406183,-0.133288742342984
0.15285968306128606,1.017523966303849,-0.3334231134465711,-0.24940116766011836
0.15279654264446976,1.0172252776205137,-0.3781214133921073,-0.2808344072007969
0.15240485725107367,1.0178773377191905,-0.29277909346122627,-0.25718178468035874
0.1527965429218502,1.0172252779780242,-0.37812128791454946,-0.28083413445945127
0.15301263639644486,1.0183540957272244,-0.3112846588475672,-0.14257057376115487
0.15280302195740542,1.0172198831535668,-0.3761769829497592,-0.27143623390256166
0.09488118284721601,1.337101948349441,-0.35449612629271143,-0.17256995387136062
0.15280960696762408,1.0172116308019572,-0.3744490863280967,-0.2613856728722993
0.15281820563158716,1.017222973683501,-0.3706418087644767,-0.2530104843493827
0.1528034788957948,1.0172198334225415,-0.37601804858739557,-0.270848981081517
0.15279654245103094,1.017225277776452,-0.3781214725060225,-0.28083468799739775
0.15279654296297102,1.0172252778859185,-0.37812127947743157,-0.2808340615837167
0.10488171329514263,1.333543376069553,-0.2764493429204429,-0.07897543424089054
0.15279654365677964,1.017225278290198,-0.3781209999931302,-0.2808332700170069
0.1527965432078541,1.017225278185986,-0.37812116981207994,-0.28083381740080166
0.15279654296326922,1.0172252778919113,-0.3781212789831684,-0.2808340626608355
0.1528107904677645,1.0172150758786458,-0.3737864502040736,-0.2606388514961001
0.15279654245194177,1.0172252775198574,-0.3781214901458146,-0.28083462945062104
0.15279570149117716,1.01721803324941,-0.27887570887990226,-0.18005062864910545
0.10614306403027307,1.2821292123940315,-0.3683694166277053,-0.13358096258062332
0.15279654378676227,1.0172252785820752,-0.3781209324934333,-0.2808331700528978
0.1527965428130691,1.0172252781016862,-0.3781213186512002,-0.28083430046384705
0.152817208141365,1.0172256708906684,-0.37078739830560026,-0.2548179937161846
0.15283682950699534,1.0172109725416056,-0.26528931402977574,-0.12752051877658244
0.15282341413725214,1.0172286588942354,-0.3684393165480277,-0.2476516039117365
0.09781838534891941,1.3197372068050213,-0.37116344320218697,-0.1719705271303774
0.15286889134010997,1.0173461746845787,-0.3444235639651484,-0.21104114100467433
0.15279989419945034,1.017202672811982,-0.378513814509084,-0.27158008600479405
0.15283434800459023,1.0172724854677062,-0.3614581016348741,-0.24246095425443626
0.15295399753695063,1.0174583365949454,-0.32055455540116085,-0.1580383807442398
0.1528250544803216,1.0172127963196993,-0.36906460065620644,-0.24240588102921506
0.15279654266191403,1.0172252775353423,-0.3781214130294381,-0.28083436593056904
0.1528327209579577,1.0175626848120727,-0.32392701219554965,-0.22429007168355886
0.12469648573201983,1.2008459916504364,-0.33907572422104904,-0.19045002687788132
0.15279654423036038,1.0172252789110154,-0.3781207488274483,-0.2808326795618424
0.15279654335633713,1.0172252780340518,-0.3781211266688654,-0.2808335945574684
0.15296773004717848,1.0180864297134797,-0.31682470686645275,-0.1615299044138449
0.11318987933436798,1.249776765669632,-0.3590532274419687,-0.1377771551666636
0.15281806446471574,1.0172162870874708,-0.37118228305876066,-0.25180573681822305
0.1528693563670545,1.0173953349524074,-0.34040819625949453,-0.21812634030486316
0.1528454232004436,1.0172409373708613,-0.3601864772431228,-0.22258455770834623
0.15279654273358578,1.0172252777425301,-0.37812137260423523,-0.28083432126720587
0.15279654307634627,1.0172252781470084,-0.3781212201634799,-0.2808339759031844
0.15279654322527084,1.0172252779771531,-0.37812117812968904,-0.2808337485416588
0.09454148657686057,1.3383560760543578,-0.35586215052380904,-0.19144061055382008
0.10572674437926756,1.2821801900492782,-0.3754125037636276,-0.15513396497228413
0.15288931708081693,1.0172668411533206,-0.34450379197107883,-0.17292635267278186
0.15284972954150766,1.017244480156927,-0.3585189703411267,-0.2178901662883195
0.15279654224197328,1.0172252774032269,-0.37812157437039084,-0.2808348704383236
0.09815841932429926,1.3179779999647803,-0.36996210793030826,-0.14293694518792063
0.1527965437980837,1.0172252784855218,-0.3781209351441448,-0.2808331340148782
0.09383797338408437,1.3439070317581177,-0.3476673434547119,-0.19805455467259891
0.15288887039830404,1.0173202457799237,-0.34029000983556634,-0.18163335492841987
0.15279654285845795,1.017225277934985,-0.3781213138688755,-0.28083420538768084
0.152796543491147,1.017225278098754,-0.37812107338029743,-0.2808334378202151
0.15281541132791343,1.017221347965509,-0.3717247955151406,-0.2561725258079014
0.15281436660609216,1.0172129957509153,-0.372696798067644,-0.2557317573247111
0.1527965428232525,1.0172252776181103,-0.37812134881938503,-0.28083417931909266
0.15279654283110802,1.0172252778616573,-0.37812132891905414,-0.28083422380494466
0.1528066111145288,1.0172208984321593,-0.3748324734345465,-0.2671319709531995
0.15279654257219183,1.0172252777792554,-0.37812142843256585,-0.28083453455194324
0.09424797449711245,1.3474145551103842,-0.3326246249311059,-0.17987367611142008
0.15279654417506294,1.0172252787868556,-0.37812077756002854,-0.28083272215699184
0.15281418514656842,1.017210166479315,-0.3729664229869034,-0.2553642643534209
0.09349173227402935,1.3479108874672074,-0.33990773245547606,-0.20231681007269456
0.1528121253823397,1.0172067772846045,-0.37392615244748206,-0.25721365246986083
0.15282442339311986,1.017212307478325,-0.36931391229259847,-0.2430889529928404
0.15282548816790217,1.0172222807769733,-0.3682101466362159,-0.2437766769579041
0.1528830090607986,1.017357080223915,-0.3391124530483241,-0.1945666421548119
0.15279654265599663,1.017225277833967,-0.37812139430857244,-0.2808344404176552
0.1528191233285332,1.0172222866601892,-0.3703771594240576,-0.25172077148003197
0.15283150281998353,1.017192086162632,-0.36847741717972315,-0.23034045819308846
0.11317383718089932,1.2480755418962302,-0.36345620377829524,-0.10362625765102947
0.15286177230624717,1.017241452946122,-0.35493172634606823,-0.20248043545229003
0.15279654178394478,1.0172252770919412,-0.37812176196857195,-0.28083538301908384
0.15289788024589276,1.017368176885409,-0.33370160844839525,-0.17724159015211813
0.1528182063336693,1.0172229740139276,-0.3706415430060838,-0.2530096736273855
0.12470635996684633,1.2008450995792381,-0.3390739902948199,-0.19045199693751172
0.1528255450093523,1.0172174431130492,-0.3685520910486348,-0.2427334922072791
0.15282228701054415,1.0172126101392,-0.37001407150572313,-0.24579912463252243
0.15297717777340408,1.0178158861781657,-0.29407891464763286,-0.2232918174455018
0.15287757856252998,1.0173381729711288,-0.34231374051385416,-0.19863662865313886
0.15288323323557912,1.0172733230255953,-0.3457932996313507,-0.18140079576978954
0.1527965431776175,1.017225277944781,-0.378121197649889,-0.2808338018833665
0.15280262524391242,1.017220014683759,-0.3763088284549599,-0.2719655778917804
0.1528032568480533,1.0172119421054202,-0.3766599498725541,-0.2694061745753769
0.15279654295435308,1.017225277884591,-0.37812128270641016,-0.2808340723000079
0.15281512484997237,1.0172200639310265,-0.371917793131948,-0.25626334635728304
0.15280614575119217,1.0172169339369206,-0.37528125360562875,-0.26686219988187215
0.15283390906538474,1.0172431986641335,-0.3638098788905291,-0.237380462924684
0.10266442814913249,1.3047205871730851,-0.3478544631106362,-0.08624702936578635
0.15287670115601043,1.0173285191697699,-0.3433577293734641,-0.19825292291424948
