0.01986928710659583,1.5913264982526152,0.11887494452115195,0.6913406081976586
0.2015308340409263,0.7419196491782081,0.8095338464785878,1.0019283149806988
-0.03948220396963154,1.4431936519892987,0.1738419752839611,0.9799295066006483
0.0005723408852574413,1.575290544417846,0.34167952719042566,0.7191661403948939
-0.039492290777630355,1.4524120632076059,0.30704371168251093,1.4045955065619544
0.06334742757335657,1.532187896187686,0.22517090265907153,0.7320931954971878
-0.18725869636587575,1.5452386305222743,0.2735998119381028,0.697838664776215
0.023438220901114637,1.483636371768595,0.14199204892867967,1.0279642506453408
-0.011159904361769061,1.527600305869994,-0.008722325794452743,0.26686593040759254
0.07745593194567182,1.5373345518200034,0.011142873041207538,0.36689054595964254
-0.14483028872122455,1.4465840948805258,0.3130804681927409,1.1489336218078388
0.02126364589449853,1.5596944021390684,0.25332392913543667,1.326127135260799
-0.0754667220444752,1.3920711401749957,0.1749476168000175,0.6633138794913497
0.054760126900970305,1.4495599963491448,0.07020689544109328,0.7648659277120803
0.05771972585597578,1.5556319617096008,0.11601221134568346,0.5274186546353903
0.06002439536654256,1.445619030982999,0.07283556929754384,0.27066414091754626
-0.10259784106282006,1.5312511684885413,0.2069016517429842,1.7177518909374718
0.07526602262600654,1.4380894365563464,0.02718486148326274,0.16412956583131164
0.08956335571839832,1.4606418223964166,0.11412523126460294,0.5301885362827063
-0.0868614819899646,1.4016755629109756,0.20750347344037862,0.3688279720388415
0.01182701493981668,1.6003123741338916,0.11396878361255972,0.3541062163113205
0.033569398952482093,1.4796862136814923,0.21855650373020663,0.26692567513735926
0.08797207843144578,1.5271755672060718,0.09748781827198284,-0.014267017885289794
0.06410585202362237,1.5035498856887355,0.13665473753904261,0.280141809351654
-0.018973377106590347,1.6144703924775103,0.07350225459451146,0.49925586209391337
0.10106000532988711,1.5170578791362086,0.0762347747878649,0.038456220792722526
-0.005538902811707602,1.5158510470635311,0.13923259337709595,0.4954296437169222
0.061508341591362044,1.5536841013808997,0.10136927696750676,0.061007529744285305
0.310317791654631,0.8147867603838497,0.36221999889475887,0.7238718862308694
0.028510160857187827,1.447401081781561,0.10074958696653853,0.6470061171662261
-0.013565698357790215,1.5250186578523475,0.257729413167003,0.39122658147407946
0.01926250953035165,1.507609034636599,-0.06242137826755255,0.11192723101288973
0.05784087616093426,1.463821519626087,-0.03377961518638452,0.30807890480840994
-0.07437840252459557,1.515734497481612,-0.003057110059442434,0.4379149743394273
0.08905955226906374,1.450370053425077,-0.09541788541242627,0.021318628526754143
0.06754676097380904,1.5118156236876517,0.04814645862950126,0.8758537145813386
0.32624552840666465,0.6553929185954318,-0.0188293528298802,0.26661218310591783
0.08275371785552695,1.500544868928342,-0.011318589014073704,0.11951816747671636
0.15030755138710822,0.7355203184377066,0.30689308392210457,0.476436714191085
0.07174696673657838,1.4407696907180572,0.026689394401645868,0.18736325498725787
0.012290330187260168,1.5289233372169564,0.11355920153616789,0.1463497039940405
0.044402829462531684,1.5829640153868694,0.034346719260492334,0.12112204552928764
0.06066229501296398,1.5316930932987052,0.24172664685139686,0.4224758745618836
0.28108084030031794,0.8968859897860906,0.18388392293650768,0.6992115224191089
0.07009890174687712,1.6064194578640154,-0.08015955989707788,0.10779288124088479
0.08576248858922758,1.518750678345973,-0.0006479498852445253,0.19625377339750175
0.09637485849387319,1.374021813855739,-0.16534770967155868,0.09093931958285605
0.0862134403726586,1.4387167430200682,-0.05870143517767601,0.0559472659703338
0.04072088997004005,1.3866347256557476,-0.07023469107407108,0.14765702106758027
0.0983260761233429,1.4539011596870488,-0.10315759232934846,0.11853988990277131
0.05255305452757631,1.4284693098363133,-0.09452073853127468,0.1560814957395793
0.10081415311200538,1.3246073985241085,-0.18430917840878092,0.23332505689371627
0.07453766309325109,1.3885299292266506,-0.06059927676032418,0.1764408839757968
-0.018485554518633537,1.4550256777239239,-0.1542479972027556,0.2673693218318912
0.091348763013078,1.4417730653261962,-0.08291586109502744,0.05431481619459959
0.08565800118903288,1.3538218650889409,-0.06709319438149586,0.6940627240526609
0.09533774161582763,1.4142368382236765,-0.165364209250655,-0.013331765682829991
-0.014634872472103919,1.4215474586054146,-0.042648502943708685,0.18426677446593728
0.10265749680292909,1.4107778212450965,-0.2694117375914413,0.307045574133765
0.08618841462243633,1.355155754312455,-0.17816220957913204,0.15707621986719236
0.09629093055393557,1.4849129846356985,-0.05066712655784894,0.013339514631256037
0.087002025327097,1.5251465609532062,0.14043588198701146,-0.07387513759287143
0.08979930305926376,1.5456446514990902,0.01021133995290556,-0.030329947309311166
0.03515191172948039,1.4440165645992455,-0.05800188015448359,0.0512095706387864
0.09618362168764727,1.3545355005001358,-0.19044346718459695,-0.0023617067539913467
0.1516271741367411,1.0368322737795854,-0.29580654311503257,-0.18083563193419402
0.10110309912669303,1.3287907910283674,-0.26414289216209663,0.06345402387135915
0.09829320218131476,1.360780176117584,-0.20681928292416074,0.046832027783967306
0.015583064439270294,1.4358735363481356,0.04477711145591989,0.33343589326595335
0.09784532470612894,1.3700785421960924,-0.25076640516983895,0.0624387342751595
0.09986372398699708,1.3627221152887052,-0.2130658684806178,0.06530435170673073
0.09761373824272782,1.352428468030415,-0.26783987542064835,-0.05102066633614225
0.05827368662733091,1.3161950199686892,-0.20487882531963125,0.05704837845552935
0.039922204840892726,1.47975959797938,0.013741670911597559,0.18551905188651913
0.12569817832165509,1.2076240636235724,-0.22154973738503922,0.049247199596340614
0.09505591426304637,1.4595846831565822,-0.024768783409505727,-0.010845222745450592
0.0975992780189527,1.3607522463289525,-0.24373273779415458,-0.05317936466653694
0.09755934975948052,1.3432330292583783,-0.2936778456343763,-0.029156999043247693
0.1528195374454524,1.0172113393027278,-0.371043488733439,-0.2489520508417324
0.1521096602035169,1.1175939409076139,-0.17448942992542746,-0.06961093470180442
0.1531498817356678,1.0203071562451236,-0.23913585954244654,-0.043603188014334084
0.10032542105493972,1.347209456528296,-0.2584222285809147,-0.03844610050432981
0.15468891775786556,1.0154164396925884,-0.018631037665432157,0.034857616600780184
0.09292185698099181,1.3508872760952404,-0.2635851680323444,-0.10566296849906148
0.08822697935906618,1.4684139108174592,-0.15906022936556843,-0.0659895026398485
0.15283347299859065,1.0172110898072315,-0.36638457534364915,-0.23167086761205222
0.15284114913679392,1.0172094898411526,-0.3639949633697166,-0.22193887763189557
0.15200267451648458,1.0180994103904777,-0.24155210595104867,-0.08376692403295626
0.1528627891235788,1.1172710109270991,-0.3522804787992452,-0.10633740377686082
0.1257083993363426,1.2017530089105124,-0.2886099245943697,-0.026767819032119295
0.15286651046720082,1.0172802787126431,-0.35037757771088557,-0.20326565436120658
0.09402605841491979,1.3475001301299796,-0.33495105717570095,-0.18631301140649725
0.15281305635418171,1.0172203361209795,-0.372615279529676,-0.2589122021228723
0.15281820544775868,1.017222973314076,-0.37064189905132716,-0.2530106378804294
0.15279654294603282,1.017225277211772,-0.378121332870045,-0.2808339325126964
0.15282341397948368,1.0172286581333239,-0.36843942662310497,-0.24765164717703947
0.15288270260673462,1.0173276484943126,-0.34157101603650974,-0.1905175668786836
0.09440160345416793,1.3435197743206835,-0.342178960486353,-0.18073092482443595
0.15279654437883267,1.0172252785958549,-0.3781207171866216,-0.2808324204700581
0.15279654304039622,1.0172252775613477,-0.378121274228773,-0.2808338907403599
0.15287050145291087,1.0172609734381692,-0.35066831349272265,-0.19507254181276043
0.15279654272661541,1.0172252769314285,-0.37812143195449455,-0.280834148802817
0.10621514107250746,1.2820698471064202,-0.36731745488943596,-0.1290894554238342
0.15279654402045173,1.0172252784580338,-0.37812085658586647,-0.28083284524858204
0.1528600831670633,1.1172537802931708,-0.354490729250685,-0.10671749201345127
0.1528600586048895,1.017253757187973,-0.35450029897956514,-0.2067438643752455
0.15283248158447868,1.0172161975953793,-0.366325550843321,-0.23389464151755707
0.15279654280554927,1.0172252774073358,-0.378121370048256,-0.2808341548986347
0.15279654309448065,1.0172252774428097,-0.37812126296006415,-0.28083379550983156
0.15281974148003405,1.0172242046737274,-0.37002378809988573,-0.25134143402293846
0.09559682842545493,1.3795293502525927,-0.2642718707153034,-0.166761762658139
0.08525956834790707,1.321489098027302,-0.3125345798513313,-0.07656099084480117
0.15288841403543574,1.017372079727729,-0.3362501850001422,-0.18985836953702054
0.15282051514349723,1.0172223970553926,-0.3698922901122878,-0.2500036598431242
0.09466465074066185,1.3599479515370518,-0.29094778419618744,-0.16179020562022314
0.15279654474595547,1.017225279104231,-0.37812054866154676,-0.28083206740042044
0.15280575782013384,1.01722071414503,-0.3751471753503538,-0.2681672111748534
0.15281305500649914,1.017220335270734,-0.3726158099410819,-0.2589137130764714
0.15280624553151753,1.017220915540251,-0.37496034666533273,-0.26759619411041224
0.15281220359287667,1.0172067561768876,-0.37390060810283626,-0.257111879655359
0.15281571276071784,1.017228876111566,-0.3710701522906951,-0.25736205891896696
0.1528881549445942,1.0173518911429729,-0.33794506233489474,-0.18722176969535553
0.15279654364884832,1.0172252781593616,-0.37812101204630805,-0.2808332509048643
0.0948239285744254,1.3505232501520927,-0.3192975355735576,-0.16734551288747937
0.15281676763593902,1.0172220595347778,-0.37120419791250586,-0.2546217303353534
0.15279654289364283,1.0172252773177322,-0.378121344416921,-0.2808340228128529
0.10820709927654391,1.2854430332168185,-0.3105258307873938,-0.003161062307159552
0.09578556637240976,1.3306159915773044,-0.363990615499392,-0.18252303671727943
0.15284234310424472,1.0172690908160547,-0.3590399495397708,-0.23166937623128303
0.15233433323400525,1.0176996629363815,-0.29164901554340994,-0.17610633626693048
0.15279654580399094,1.0172252803933837,-0.37812007532563463,-0.2808310106406799
0.15282228810222614,1.017212610268251,-0.3700136915752194,-0.2457977960251646
0.15281771701794428,1.0172259234581558,-0.37059334434050656,-0.2542318094749912
0.1527965426823536,1.017225277075631,-0.37812143788548847,-0.28083423734181273
0.1528530256141017,1.0173956407437525,-0.34580473016876834,-0.23999146864068902
0.15246823344777716,1.0182448231383832,-0.3137301269588403,-0.14054255064323776
0.15281297097700713,1.0172126864833972,-0.37320229101943153,-0.2574079983702299
0.15279654337285403,1.0172252774872574,-0.37812115905258314,-0.28083345150940847
0.15279654309516938,1.017225277443022,-0.37812126267914786,-0.28083379461877134
0.10154661650224303,1.3041967813045263,-0.3676938187876987,-0.13719142525558253
0.15279654419836292,1.0172252786721971,-0.37812077717807835,-0.28083266696943754
0.1528694649997614,1.0172316109436534,-0.3533329569393713,-0.19137568230284333
0.1527965422512451,1.0172252769562806,-0.37812160231053726,-0.28083475868029023
0.15279654304006463,1.0172252775613386,-0.37812127434480647,-0.280833891143811
0.05313723250712539,1.0182143574868676,-0.13232872698818016,0.05370729025720182
0.1527965439727085,1.0172252781627429,-0.378120894563025,-0.2808328399453384
0.15283954395977006,1.0172204444840727,-0.363676649281742,-0.2260011268182832
0.15281297015349385,1.0172126854319286,-0.37320265309549955,-0.25740880456362364
0.09349265102124359,1.347913209569656,-0.33989884188544744,-0.20231239385889885
0.15282668697985824,1.0172138093787235,-0.36843957622579837,-0.24058778835098033
0.1528177168030711,1.0172259235713816,-0.37059341008990615,-0.2542321023612094
0.15279654322195863,1.017225277382456,-0.37812122101586815,-0.28083361988215433
0.1527965435809974,1.0172252778407955,-0.37812105891151326,-0.28083326587603963
0.15279654372037313,1.0172252779304098,-0.3781210021896165,-0.2808331087743531
0.15282143190834918,1.0172259660275615,-0.36931506982199086,-0.24958605920865326
0.15243200341380655,1.1176050487303149,-0.2024600902823683,-0.17577495726948675
0.15286501632989966,1.0172445318140666,-0.2535345450287242,-0.19844823889651791
0.1528130568485477,1.0172203366815538,-0.3726150668496346,-0.25891170015769344
0.0955147870884064,1.376711618445533,-0.23512468333128292,-0.1408041041305743
0.15269012786738706,1.0177811934547938,-0.32184637232336516,-0.16785570488985246
0.1527965446819916,1.017225279149182,-0.3781205686638023,-0.28083215874824513
0.15283047423205876,1.0172046758866866,-0.367863001987375,-0.23409534866262466
0.1527965434315146,1.0172252772398722,-0.37812115513144473,-0.2808333215757681
0.15284212277355194,1.0172574707596138,-0.3599992326972248,-0.22978431691241238
0.15279654282778204,1.0172252772524908,-0.37812137283507735,-0.2808340919666961
0.15279654286600391,1.0172252776751398,-0.3781213293897753,-0.28083413786892836
0.15279654326178072,1.0172252778186266,-0.3781211760553681,-0.28083366682174143
0.15279654339544588,1.0172252778847588,-0.3781211230252834,-0.28083351165782955
0.15279654350277272,1.0172252776651733,-0.37812109954604195,-0.28083332609383
0.15290276843195427,1.0173577332238402,-0.3330333225048121,-0.1692561276060606
0.15279654431439826,1.017225278776162,-0.3781207278967279,-0.28083254273778996
0.15279654372176443,1.017225277930834,-0.3781210016483449,-0.2808331070767234
0.1528428304378335,1.0172208538738854,-0.3625749407280112,-0.22203110664812095
0.15279654269892307,1.1172252771881068,-0.27812142400055306,-0.28083424140250735
0.15279654544187748,1.0172252799379036,-0.37812023832446384,-0.2808313691283547
0.10120539470209873,1.3040280665194361,-0.3731327080617512,-0.14964623088247256
0.1527965438284859,1.017225278222668,-0.37812094258705803,-0.2808330367188064
0.15246841146940282,1.0175857652992986,-0.31093296332125264,-0.17888958507953387
0.15281177549135533,1.0172124673396372,-0.3736331010368495,-0.25885422156377436
0.15279654290285724,1.0172252773262158,-0.3781213404943724,-0.2808340130213821
0.15289972496824172,1.0174121989624894,-0.3299798810569654,-0.18285633100489493
0.15214390534751115,1.0176697757203532,-0.2869193343821922,-0.12794941548696076
0.15281771846906633,1.017225925182157,-0.3705927175291763,-0.2542303452619258
0.15279654295291706,1.0172252770002452,-0.3781213451919205,-0.2808338764496743
0.15279654330689493,1.0172252776854942,-0.3781211690412975,-0.28083357967270967
0.15281821933832085,1.0172054929133005,-0.3719252725494413,-0.24937974196486515
0.15282831696227728,1.0172496604177836,-0.36520966653535525,-0.24568048897107453
0.10140069054879539,1.294268878409505,-0.2828766143945935,-0.009331180895485508
0.15290347394011147,1.0173690713008283,-0.33186725805726086,-0.16983522587717337
0.1528202397417696,1.0172052082712069,-0.37125841787684943,-0.24682026782410027
0.15264203122227202,1.0179169782173139,-0.3172801342309683,-0.16725291631749684
0.1129824370947114,1.2497695141576557,-0.36394555567721054,-0.15273841654508216
0.1528552337734259,1.0172597356640345,-0.3555653337988289,-0.21378949296546512
0.10548767164884708,1.3333381317712303,-0.2602290961876284,-0.022723965407309036
0.15279654415447982,1.0172252784978073,-0.37812080527686304,-0.2808326837483901
0.09434128824645664,1.3461934255061552,-0.3341190535675067,-0.16861301069856197
0.1528255450313044,1.0172174428152572,-0.36855210575863295,-0.24273340457006531
0.15285255402185718,1.0172736339867805,-0.3553473459631795,-0.21961486237225153
0.15279654242394408,1.01722527706117,-0.3781215324445468,-0.28083456259301376
0.152796543307253,1.0172252776853377,-0.37812116892800507,-0.28083357919926705
0.15285728171088175,1.117249366849712,-0.35572361909466194,-0.10940923266811364
0.08748199269483939,1.3495922663563604,-0.25046640503529866,-0.10434930966538974
0.10460808487071038,1.352555376280811,-0.27131157080917634,-0.0735191152998262
0.10097923589018186,1.304319052438752,-0.3758204542232996,-0.16157395274400113
0.15289277024828088,1.017286135099965,-0.3419039526119901,-0.17165655157972584
-0.005844526928475406,1.4524578117472342,-0.3192864035186694,-0.0834293258410016
0.15279654378413612,1.0172252776479294,-0.3781209988869235,-0.28083296453269246
0.1528324819574006,1.1172161980244875,-0.2663253946462867,-0.23389426495053842
0.1527965455317526,1.0172252795115608,-0.37812023562872965,-0.2808311594613323
0.15281512537945457,1.0172200635534034,-0.3719176375129916,-0.25626260433655956
0.112891153977617,1.249851009802161,-0.3656478832244874,-0.1600124617983583
0.15279654468260317,1.0172252789933967,-0.3781205793728148,-0.2808321232118412
0.15279654364331394,1.0172252777545123,-0.37812104239867317,-0.2808331673764559
0.1527965434425378,1.017225277759292,-0.37812111476692306,-0.2808334237367005
0.15281212448350687,1.0172067760501688,-0.3739265537335394,-0.2572145094934373
0.15255496958822906,1.0182207729569552,-0.3139841908452397,-0.232089051870937
0.15279654361282372,1.0172252780627793,-0.3781210318494583,-0.28083327508355865
0.09067575469391437,1.378431328864352,-0.2215717072086431,-0.0790480339937015
0.1527965444469316,1.0172252786806002,-0.37812068659676096,-0.2808323528395846
0.15288076714825297,1.0172909139715616,-0.34511926387091996,-0.18723357064817345
0.15282143193026043,1.0172259660522256,-0.3693150605444884,-0.2495860369402248
0.15281720825666062,1.017225670493245,-0.3707873876158401,-0.2548177666443507
0.09548144496422918,1.347476922133504,-0.28307259655187667,-0.07970375510158656
0.1529238395015562,1.018146744312451,-0.299409389444827,-0.20237757874268486
0.1527965440642074,1.0172252784879559,-0.37812083865152135,-0.280832796325257
0.15279654330678014,1.0172252776845518,-0.378121169138247,-0.2808335795670174
0.15279654357479505,1.0172252776006705,-0.37812107798788747,-0.28083322010299056
0.1057307418473765,1.2821861212254517,-0.37541036128832606,-0.15513660011574887
0.09739870190472144,1.3644185460557847,-0.26149158193839445,-0.10150550903719947
0.09781925088823554,1.3197405326207043,-0.3711580700408343,-0.1719697825556001
0.1527965455167974,1.0172252794153798,-0.37812024778488845,-0.280831156981588
0.15279654309531437,1.0172252774441948,-0.37812126254925266,-0.2808337947190896
0.15284454149751728,1.0173328674146573,-0.35345743064583396,-0.24045981162437827
0.15284507939092146,1.017233632222344,-0.3608609735205207,-0.2216524867483664
0.1528896705718084,1.0173251177953448,-0.3396533136056169,-0.18135906792701978
0.10097903962587705,1.3043190019248494,-0.3758209518611705,-0.16157491892190817
0.10027890971118873,1.3532320105358036,-0.2823854250255734,-0.024201417272818722
0.15279654325474595,1.017225277570163,-0.37812119600249633,-0.28083362018636887
0.1250502089003092,1.2008548132581567,-0.3296816804568383,-0.16036398005641764
0.15289111702774127,1.0172869742444692,-0.342325921932922,-0.17382191548517031
0.15287809088308701,1.0172908525782576,-0.34594214487979275,-0.1905531382476174
0.15279551566931424,1.017218023034258,-0.2788746123558498,-0.1800489341142381
0.15282524789614735,1.0172050784443334,-0.36957679012486816,-0.24060903141591308
0.09529574510539361,1.3368239674773732,-0.35004961459699263,-0.1578395037901917
0.09454213074094209,1.3383572086621407,-0.35585870023259036,-0.19143893512727445
0.15285580354448264,1.0173083119526358,-0.35160505084203875,-0.2215730667106943
0.15279654281853083,1.0172252775160382,-0.3781213577214028,-0.28083416265059086
0.15282969293242665,1.0172567689549268,-0.36421199723924325,-0.24533656148137303
0.15233398619421784,1.0176534761391733,-0.3012635796247586,-0.1773171035219864
0.15279654405934698,1.017225278486413,-0.37812084052246936,-0.2808328021711263
0.15282149336601733,1.017209412136881,-0.37052086636126497,-0.24613035501189384
0.09445511214634009,1.3535208533570564,-0.31263383296874764,-0.17465578394480544
0.15288902032431212,1.017368049515744,-0.3363781362670797,-0.1884735451066843
0.1527965431878234,1.0172252776491408,-0.37812121470581944,-0.2808337229499265
0.15286021795620852,1.0172544940765853,-0.3543920438333492,-0.20667524854963215
0.052813055520705976,1.0172203354389655,-0.2726156189158391,-0.25891310364786513
0.10573084087320841,1.2821857373775307,-0.3754078229321062,-0.155133186815574
0.15279654386476202,1.0172252782666658,-0.3781209263682555,-0.2808330004268902
0.15279654350236305,1.0172252776654904,-0.3781210996726968,-0.28083332669489763
0.09566378839687958,1.3428411785253636,-0.3281763666881099,-0.1370748000999615
0.15280960648006542,1.017211629777043,-0.3744493307519969,-0.2613860634702572
0.10572920555967588,1.282183065117276,-0.3754110482539523,-0.1551361018311968
0.15285592251862337,1.0172948973328702,-0.352607255186982,-0.21909810297778481
0.15280966329759438,1.0172118864772486,-0.3744109024907571,-0.26136982178633905
0.15279654282866464,1.0172252771547585,-0.3781213793562212,-0.280834068973408
0.15279654344229435,1.0172252777571904,-0.37812111499731965,-0.28083342356338153
0.152835088075805,1.0172253429040847,-0.36476882010821254,-0.23245232659133552
0.1528961219379975,1.0174302576650014,-0.32887487967179113,-0.1839933147383133
0.15286177367511888,1.0172667397952773,-0.35293737707386535,-0.2068682883233111
0.15288786950488653,1.0173475775863179,-0.33838244459391964,-0.18696142366593127
0.15162254820564253,1.0369193221823365,-0.31850113944126524,-0.2717964529423724
0.1529054544515443,1.0174055252148984,-0.3279786752662381,-0.16602414865518605
0.1528170569545941,1.0172255880979526,-0.3708456529854936,-0.25499054460288684
0.15283395070352973,1.017271094610175,-0.3616968401449963,-0.24270104589272712
0.09626781218104559,1.3301602040458624,-0.3590315684615805,-0.16427280841927305
0.09413487747222876,1.3434613423919568,-0.3453380104741623,-0.18746778902592384
0.09406428669984565,1.3474923649652362,-0.3345378893167797,-0.18526355369382028
0.09396243297803887,1.3540094598657744,-0.31703062811440075,-0.19033805932075484
0.15279654508116366,1.0172252794344538,-0.378120404171557,-0.28083171509377663
0.15281080229216568,1.017212283210398,-0.373985012411201,-0.2600308403714444
0.09442253058751018,1.3520418355479435,-0.3172018810521704,-0.1737648680178119
0.15279654491409386,1.0172252793717322,-0.37812046905444124,-0.28083191347182407
0.15284003252403167,1.017232349796129,-0.36260586055181787,-0.22766435259184975
0.15254707409827006,1.017691208720672,-0.32143440004626084,-0.2533581218453081
0.15161413763351592,1.0372988849740916,-0.29721343504498227,-0.20388840499130353
0.15279654571408197,1.01722528042227,-0.3781201058337931,-0.2808311313275575
0.15279654364334286,1.0172252777541921,-0.37812104240923283,-0.2808331672636601
0.1528216677180456,1.0172028896454475,-0.3709466426494359,-0.24458039132312484
0.09349263136994519,1.3479148390764029,-0.3398944504603639,-0.20231270181523814
0.1527965448867231,1.0172252792030294,-0.3781204907780011,-0.280831910540401
0.15279654350290497,1.0172252776654171,-0.378121099481542,-0.2808333259794111
0.1527965434427486,1.0172252777587962,-0.3781211147220501,-0.2808334233539028
0.15279654329665426,1.0172252774285313,-0.3781211907410093,-0.280833535207452
0.15300933280405138,1.0185779492929494,-0.30458050959109473,-0.20574175981869422
0.15279654335808177,1.0172252776392714,-0.37812115374649946,-0.28083350425840786
0.15279654386369118,1.0172252780265878,-0.3781209435550126,-0.2808329480502379
0.15303715360636994,1.0182909577514316,-0.27734231813143473,-0.19326944049693978
0.15286413202488444,1.0175788356639028,-0.3288730521810916,-0.2510620037186386
0.1527808601057014,1.0183678169452584,-0.31071757912747633,-0.2356317464292743
0.1528702063708523,1.0172895878032988,-0.34848266496697833,-0.20019245721779974
0.15279654225563533,1.0172252765284742,-0.378121630693744,-0.28083465745682035
0.15279654357447642,1.0172252776000246,-0.37812107814233764,-0.28083322034706465
0.1522622259554159,1.0176192664969474,-0.2941915132031154,-0.14806465171357583
0.15286943751471552,1.0172804414299712,-0.3494489344682025,-0.1996395321293706
0.15279654238745338,1.0172252766036338,-0.37812157770548566,-0.2808345066839332
0.052849053833384944,1.0173571694123262,-0.250086260925082,-0.13878855107237578
0.15279654518566238,1.0172252797459385,-0.37812034451793297,-0.28083165188002485
0.15279654299803264,1.0172252777141155,-0.3781212788654427,-0.28083397876214333
0.15279654358116795,1.1172252778404954,-0.37812105887665126,-0.1808332656158048
0.10167013972864032,1.3024598139384125,-0.36868387369080086,-0.10915202546783036
0.15279654315573926,1.0172252775915804,-0.3781212303525029,-0.2808337508650729
0.15279654350298316,1.017225277665603,-0.3781210994384639,-0.28083332592072
0.09310399247862497,1.4146823662129802,-0.23418426142562285,-0.12132649707101334
0.1527965444101271,1.0172252787339557,-0.3781206961781304,-0.2808324115471851
0.15287507790597676,1.017321700010739,-0.3444077253568014,-0.19924070143767852
0.15279654301818732,1.0172252769400774,-0.3781213257856897,-0.28083378005277515
0.15281820568268334,1.017222973584064,-0.3706417984329626,-0.25301039960738125
0.1527965432999507,1.0172252775586852,-0.3781211804477807,-0.2808335601791477
0.15211888584887476,1.0194910382586828,-0.27277353347844246,-0.13976436998321937
0.15303135191988088,1.0182235867890068,-0.31011369753882134,-0.14042009159251737
0.15280377592521732,1.0172119368207826,-0.3764765316563412,-0.26875365958391717
0.15284016776146958,1.0173028020867696,-0.3572094789661037,-0.24068959111610563
0.15279654283023944,1.0172252772539576,-0.3781213718355656,-0.28083408914416036
0.15279654364264666,1.01722527775491,-0.3781210426175586,-0.28083316832938787
0.1528586927693243,1.017251656688724,-0.35509698807430257,-0.20806656870283696
0.15281859412436774,1.0172203734527503,-0.3706996661323478,-0.25198830237936976
0.15282505378721478,1.1172127953900182,-0.3690649036134724,-0.14240655179941672
0.15279654576116575,1.0172252801360617,-0.37812010884307307,-0.2808310075032142
0.09459467364439483,1.3433335473449681,-0.3403404743751321,-0.17408368021242154
0.15279654388694927,1.017225278380956,-0.37812091032236717,-0.2808329977481186
0.15279654357430855,1.0172252775995323,-0.3781210782468854,-0.28083322048336445
0.15279654317387553,1.0172252776194908,-0.3781212218249922,-0.2808337340215978
0.15284835124560323,1.0172312933638439,-0.3599849608569907,-0.2171776560614333
0.15282149327840658,1.0172094119664137,-0.3705209087282776,-0.24613042863727908
0.1527965429408874,1.0172252772061245,-0.3781213351246307,-0.28083393777205257
0.1138444106311618,1.2520661437102933,-0.3359572912921046,-0.12292063913065954
0.15279654410645344,1.0172252785759883,-0.3781208171945627,-0.28083276230927556
0.15279654372134577,1.0172252779309185,-0.37812100180321767,-0.28083310765757885
-0.006626059346661991,1.3508087656044327,-0.23283811720988754,-0.10448175011022529
0.15286285583129378,1.0173476966874084,-0.34624890812007125,-0.2191024429422332
0.15279654290659533,1.0172252770989023,-0.3781213550679156,-0.2808339574502846
0.09569635744217181,1.399083856681507,-0.19242910911331462,-0.05911475373325767
0.15279654336032222,1.0172252775649986,-0.3781211581311696,-0.2808334847782497
0.1527965435029719,1.0172252776650463,-0.3781210994837478,-0.2808333258154548
0.15283294318481044,1.01721781002648,-0.3660503923037104,-0.23364023477954354
0.15281968489030612,1.01722232307562,-0.3701819457303139,-0.2510261316955035
0.12564358033352552,1.2036505521246996,-0.2619907391371442,0.02148655946195056
0.15284732992833197,1.0172588534135685,-0.3581860848816371,-0.22350652186440656
0.15284509089571674,1.0172193129908926,-0.36196256560426415,-0.21896310185304124
0.1527965426160745,1.0172252770065724,-0.37812146672061975,-0.28083430616902527
0.1528791422041063,1.0173200066056798,-0.3432810195963134,-0.19383489124846576
0.15279654366418421,1.017225278173931,-0.37812100548517485,-0.2808332346963102
0.1527965431731088,1.017225277619818,-0.3781212220841946,-0.2808337350933489
0.15281790212709914,1.0172131473876371,-0.3714691682320555,-0.2513584303733802
0.12496884566148235,1.200715425630649,-0.33373410950911064,-0.16784125712550177
0.15279654505940302,1.0172252794613874,-0.3781204101704705,-0.28083174880775547
0.15280752292020608,1.0172131708819916,-0.3750673363857191,-0.26432331700712963
0.15279654346023303,1.017225277671547,-0.37812111451729014,-0.28083338166173605
0.09781926091760358,1.3197414869819781,-0.37115795977412663,-0.17197121447721261
0.15280731586492546,1.1172137010221528,-0.2751018436843399,-0.26469677667493474
0.15281214291959452,1.0172199953087726,-0.37295793664865284,-0.25998595827198717
0.15279654277162202,1.0172252772643613,-0.3781213923368914,-0.2808341660210493
0.15279654336497983,1.0172252775839703,-0.37812115511901023,-0.2808334831092527
0.15279989550854103,1.0172026728048575,-0.37851334962890254,-0.27157844798471587
0.15287910464173718,1.0173188518072636,-0.3433848979007088,-0.19370096964906713
0.1516236809641011,1.036919364063587,-0.3185007332329949,-0.2717954348468343
0.152524725028411,1.0182367005681554,-0.3097083950547125,-0.1776800590107128
0.1528172091571115,1.0172256715024797,-0.2707870028474354,-0.15481684575153457
0.15279654628748782,1.0172252807486437,-0.37811987537263814,-0.2808304753182564
0.1531454030183786,1.0190926289769298,-0.2838551074342948,-0.11411891626642261
0.1528770396363477,1.0190026156829588,-0.21477696557250384,-0.27495426190883915
0.15286647785158258,1.0172532369529879,-0.3525306812849138,-0.19872541635315383
0.15282143192030362,1.0172259659088465,-0.3693150745377239,-0.24958602013744186
0.15308680348830378,1.0177076099247087,-0.28390285576679325,-0.14975515939113648
0.1528051961079575,1.0172204239118987,-0.37536672617247024,-0.26881228412172076
0.15282143202542703,1.0172259659770952,-0.3693150335555744,-0.2495859024618726
0.15289475171746247,1.0173282089520523,-0.3378629850209926,-0.17535944929609962
0.0960639361139365,1.4304014020642115,-0.261066481425534,-0.1725912547816091
0.15279654473276244,1.0172252791935539,-0.3781205471781531,-0.2808321041442389
0.152802805355926,1.017212058971002,-0.37681165625059454,-0.26999846748964274
0.10719719201025146,1.2827944593870142,-0.3459434865663164,-0.0750104353783982
0.1528122084005658,1.0172146213955386,-0.3733259430031532,-0.2587688812910715
0.1527965430927868,1.0172252773029253,-0.37812127335890805,-0.28083376633866725
0.11289504031512447,1.2498536625863264,-0.36564785650770176,-0.1600118681273966
0.15279999609481187,1.017212940738527,-0.37774878384454846,-0.27372344945568955
0.1527965437154641,1.0172252779258906,-0.3781210042812034,-0.2808331139976913
0.09798286549353845,1.4195704885415745,-0.2693891944393776,-0.1650266909328518
0.15228148352202556,1.017627006236974,-0.2935312385796235,-0.14320120018567944
0.15282506198491497,1.0172402223215369,-0.3670195849960485,-0.24790956979363496
0.15279654326493985,1.0172252775270092,-0.37812119534879884,-0.280833597631553
0.15279654344337412,1.117225277760135,-0.2781211144039041,-0.2808334228571858
0.15281676847405676,1.0172220602116682,-0.37120385917952536,-0.2546208212063721
0.1528121414405447,1.0172199943519387,-0.37295852140226415,-0.2599876116128115
0.15279654323169323,1.017225277392245,-0.3781212168109984,-0.28083360971346005
0.12566178079839105,1.2017510578070183,-0.2975179491725342,-0.07582750124941828
0.15279654408005083,1.0172252786954834,-0.37812081838030953,-0.28083282259158915
0.15286869181332888,1.0173440115183325,-0.3446577310506724,-0.21095317774731184
0.15283880749854428,1.0172915257821429,-0.3585195431342258,-0.24034995171745852
0.05279551381595258,1.0172180207924346,-0.17887543930775343,-0.1800507774504373
0.15279654396815012,1.017225278402046,-0.37812087945839656,-0.28083289927860344
0.11289107763808787,1.2498513502710338,-0.36564832375131867,-0.16001154571401818
0.15284777242732583,1.017209364600025,-0.36187352790049127,-0.21382449547441196
0.15279654309048712,1.0172252774021104,-0.3781212672521043,-0.2808337914708097
0.1527965431610726,1.0172252773549704,-0.3781212449847402,-0.2808336911462664
0.15279654350269273,1.0172252776656525,-0.37812109955427914,-0.28083332634535463
0.15280302226384088,1.01721988282844,-0.37617689708628704,-0.27143577628007454
0.1528519884749484,1.0172658424674372,-0.3561341303683265,-0.21893384063517435
0.15279654255166947,1.017225277111054,-0.3781214827099547,-0.2808344113744323
0.15279654312902882,1.0172252777623059,-0.37812122806366816,-0.2808338230038663
0.15279654364316878,1.0172252777549553,-0.37812104243594463,-0.2808331677128966
0.15279654290873357,1.0172252775143231,-0.3781213251867868,-0.280834047600352
0.15284932134293772,1.0172808090792864,-0.3558452197659519,-0.22497844861807448
0.15286598904721987,1.0172932461095832,-0.34951747434617164,-0.20609292493367945
0.15287039206020184,1.0172824451981584,-0.34899232392113677,-0.19878139733931324
0.15285661129226114,1.0174931129586482,-0.3370877414692288,-0.25025720832917897
0.1528742271185444,1.0172988103113332,-0.34649710224245067,-0.19665796053025258
0.1527965419986217,1.017225276864268,-0.37812170022484926,-0.2808350593016065
0.11447113013584324,1.2515610692471815,-0.30913277168934944,0.012081555395207146
0.15279654467404408,1.0172252793118444,-0.3781205601537391,-0.28083220525505576
0.09692805339993751,1.3362773608848486,-0.3044538983060459,-0.06059355737622443
0.15304382329290328,1.0175382161169304,-0.30313432326681367,-0.13573736622197766
0.10572999676290105,1.2821845475071736,-0.3754094455027513,-0.1551342110994347
0.0936102596346334,1.3500242320901652,-0.3321106544855108,-0.19415100101661353
0.15281916933981804,1.0174320140819646,-0.3225766553209905,-0.15916446271276413
0.1528189722120837,1.0172222550132823,-0.37043134259342425,-0.25190324121643215
0.15282143200815013,1.017225965966458,-0.36931504022250206,-0.24958592183090492
0.1528706326214935,1.0174337018211503,-0.3369479185056341,-0.2220075870455527
0.1528245731987496,1.0172023428656123,-0.3700081409902369,-0.2408871089163989
0.15279654283799857,1.0172252774409916,-0.37812135593249746,-0.2808341211243189
0.15288008590235816,1.0173297729736444,-0.342206248328165,-0.19415041530389193
0.15287326601980025,1.0172812123968598,-0.34819911502324935,-0.19499912978143252
0.15314933845982442,1.0194519902938897,-0.26851940884549025,-0.11884048665431803
0.0986981955206381,1.3178546652618244,-0.3625380213191225,-0.12010763733548499
0.15287121818136346,1.0172605148780571,-0.35048378203008856,-0.19411202154725105
0.15279654249230595,1.0172252764039054,-0.3781215537153144,-0.2808343286482193
0.15281305592378774,1.017220335688381,-0.3726154606502384,-0.2589126507809099
0.15283419514852464,1.0172720198159582,-0.3615447382609216,-0.24256671839569863
0.15280661117827005,1.0172208977956019,-0.3748324966166969,-0.2671317534625174
0.09349256804721076,1.3479136794595221,-0.3398977738692708,-0.20231281941490328
0.0950942832611164,1.3369046472933668,-0.3523449033023869,-0.16467087529581456
0.1528050416211565,1.017212465575096,-0.3759913804156169,-0.2672810226472571
0.1527965428362955,1.017225277163453,-0.37812137600456097,-0.2808340612878048
0.15281436752395014,1.0172129959415703,-0.37269646697036507,-0.25573065233194686
0.1528172077603073,1.0172256702752782,-0.37078757489339653,-0.25481834426518607
0.09869741629765015,1.381353479477758,-0.20611222110512878,-0.032803238434504015
0.15279654435553597,1.0172252786138256,-0.37812072435787547,-0.280832454084489
0.15286273923067617,1.0172753567359614,-0.2518388475906132,-0.10666562380179613
0.15279654455897576,1.0172252791175802,-0.378120615432559,-0.28083230813636345
0.12562038518691038,1.2022655200137562,-0.29316588413374517,-0.09440318361717762
0.15232825455995158,1.017708301941771,-0.2908616549711823,-0.17692994364428594
0.1527965455402545,1.0172252801942188,-0.37812018473690845,-0.28083130131469614
0.1528509484814075,1.0172350180783511,-0.35886226385801157,-0.21465719922900534
0.15288886405304644,1.0172875688584422,-0.34294799202020537,-0.17668742935550016
0.152796543652932,1.01722527816425,-0.37812101023809824,-0.28083324684422867
0.1528151253777965,1.0172200635617137,-0.3719176374836228,-0.2562626081651241
0.15297084917911688,1.11748563725358,-0.21861828800004482,-0.16342587290963612
0.15279654344071164,1.0172252778026247,-0.3781211123890178,-0.28083343573563013
0.15281820606596053,1.0172229734513034,-0.37064167637776696,-0.25300989241068167
0.15280262155225305,1.0172120985875253,-0.3768740366554344,-0.2702379183031978
0.15279654253468997,1.017225277185642,-0.3781214836308845,-0.28083444963339704
0.15279654350315786,1.017225277665683,-0.3781210993837583,-0.28083332576429193
0.094163771094483,1.3538067619919774,-0.31527349589992776,-0.1840596928287336
0.1527965441797196,1.0172252784739257,-0.37812079781012553,-0.2808326463223048
0.15292965249324864,1.018215250848784,-0.3143762478900819,-0.23167686770090656
0.15279654369233053,1.0172252782423419,-0.3781209905079624,-0.2808332142282105
0.1527965433075765,1.0172252776861717,-0.37812116875169377,-0.2808335789729187
0.1527965431732247,1.0172252776200315,-0.3781212220214821,-0.28083373496707525
0.15259792243765408,1.1180406411254278,-0.21454935670626749,-0.17604796767316083
0.05279654360681501,1.0172252779892912,-0.2781210391811142,-0.2808332663244931
0.15279654560068828,1.0172252804684858,-0.378120143649778,-0.28083128582759564
0.1527965432299296,1.0172252775105486,-0.3781212091644935,-0.2808336384104509
0.094604099772194,1.437762860035221,-0.2564105109825481,-0.1855113178969452
0.10801394911481658,1.2848538623201349,-0.31922936133497554,-0.02979041118674438
0.15280575851207367,1.0172207149808226,-0.3751468707597365,-0.26816651992371093
0.15279654296937348,1.017225277235053,-0.3781213227939958,-0.28083390806165853
0.15279654277222843,1.0172252774711212,-0.3781213775878802,-0.2808342113228977
0.15279654303203974,1.0172252775474608,-0.3781212781628297,-0.28083389803534115
0.1529419795279362,1.0176795557033058,-0.3215595021075215,-0.16514216961117711
0.15279654311708907,1.0172252780205104,-0.37812121424988665,-0.2808338957393787
0.15288858298249408,1.0173605633497214,-0.3371104396548615,-0.18792106225444646
0.1528262315599551,1.0172005291513129,-0.36958836005704204,-0.23848043041064382
0.15282382205521727,1.0172208135914271,-0.3688835378939082,-0.24555604857359176
0.15279654267711595,1.0172252775523827,-0.3781214063099921,-0.2808343503303376
0.15217448515310666,1.019148153776454,-0.2836979251079402,-0.11921247427043873
0.1527965461263145,1.0172252803895596,-0.3781199588150965,-0.2808305997089762
0.1528057574582814,1.0172207143680483,-0.3751472873476399,-0.2681677153768394
0.15280634843840496,1.0172133556597187,-0.37546687680678553,-0.26583503494447736
0.0873341242023064,1.3448656256776736,-0.2757497922180557,-0.0958073415285632
0.15281541180421587,1.0172213479358971,-0.3717246329394221,-0.25617192296561675
0.09524943076918158,1.3367149138269336,-0.35081022640365245,-0.1583660579225916
0.1528164650002255,1.0172058041442025,-0.3725023382246601,-0.25161870387026175
0.1528343542961727,1.0172053320854582,-0.3665318634484712,-0.22946144329080267
0.15281821830800196,1.0172054922690756,-0.3719256718844435,-0.24938088510943382
0.15279654281288496,1.0172252776066026,-0.3781213533997058,-0.2808341899956722
0.15247012826969597,1.0175057814123354,-0.30944117550586403,-0.14034965599761562
0.09781774392407581,1.3197299171819739,-0.37117075611145955,-0.17196575477261233
0.09578449318019208,1.330609617748048,-0.3640019673336032,-0.1825220335196518
0.1528967647254323,1.0173003216381862,-0.33956249059317395,-0.16885815337666465
0.15282831717302633,1.0172496609145631,-0.36520955805726973,-0.24568032129458428
0.1528182052525371,1.0172229735300502,-0.37064195038876047,-0.25301092711483686
0.15279654230962159,1.0172252774895016,-0.3781215438095994,-0.28083480363880386
0.15283474672668618,1.017217633602207,-0.36546703120083546,-0.23137771007639044
0.15281283079344776,1.0172065881686985,-0.37369586100087704,-0.2562962498751552
0.15279654285146552,1.0172252774477457,-0.3781213505467608,-0.2808341053843461
0.15282255902724093,1.0172050183161176,-0.37048687255378343,-0.2439148937666006
0.15236274247389897,1.0186405669953762,-0.3027435221701421,-0.17035775400339018
0.1527965451249764,1.017225279934638,-0.378120353226127,-0.2808317710736572
0.09617059780204448,1.3302163229294948,-0.36011237200231744,-0.16780303247864478
0.09518811196033584,1.3379765271113802,-0.3491191102507072,-0.17065032919694478
0.15279654646137522,1.0172252807278133,-0.3781198138275185,-0.2808302494189918
0.1527965431670595,1.0172252776050914,-0.3781212252531801,-0.2808337393106553
0.15279654322238406,1.0172252779751896,-0.3781211792799997,-0.2808337516547246
0.1527965428291555,1.0172252778600328,-0.37812132972972595,-0.2808342258930397
0.15279654312357943,1.0172252777461543,-0.378121231104056,-0.28083382608985147
0.1524055690751549,1.01843036811833,-0.3093779279881088,-0.15114024172248766
0.1527965438623647,1.0172252783112883,-0.37812092405538766,-0.28083301326395704
0.15279654322336966,1.0172252779759425,-0.37812117888313634,-0.2808337506165997
0.15279654338761833,1.0172252778699364,-0.37812112685160404,-0.2808335181327611
0.15279654312205038,1.0172252777478443,-0.37812123155374583,-0.2808338284601621
0.052796543253864126,1.1172252778057468,-0.37812117975954007,-0.18083367377534246
0.15287709537200103,1.0173302994361448,-0.3430928100588094,-0.19802985294249265
0.15281705588966482,1.0172255873870495,-0.37084607285040405,-0.2549917339747476
0.15281820521384665,1.0172229734263931,-0.37064197134825766,-0.25301095427983306
0.15279654258586234,1.0172252773370385,-0.37812145445260104,-0.2808344182718177
0.15279654282819338,1.017225277859097,-0.3781213301312831,-0.28083422685621257
0.15279654282957547,1.0172252778594266,-0.3781213296304939,-0.28083422526009433
0.1528068213263199,1.0172085075442496,-0.3756496250599602,-0.26419686519577606
0.15279654283337643,1.017225277628436,-0.37812134443976403,-0.2808341687952149
0.09378655049229698,1.4118487595952762,-0.23757328687678284,-0.17744887754780536
0.1527965431700985,1.0172252779086626,-0.3781212028914653,-0.28083380333231317
0.15279654282916258,1.0172252778592448,-0.3781213297817636,-0.28083422569607447
0.15279654285931127,1.1172252776622584,-0.27812133269340145,-0.2808341434244568
0.15281646505182034,1.0172058045114873,-0.3725022935026817,-0.2516187163845694
0.15281416019082242,1.0172207821527646,-0.37219947858123636,-0.2576220334605833
0.15279654246957136,1.0172252773108654,-0.3781214983928303,-0.2808345602731585
0.09505708124129333,1.3504069315619736,-0.3146029629121831,-0.1571734090262421
0.15285774909186994,1.017225207891844,-0.3574743592905027,-0.2045395023101406
0.15281790099605752,1.0172131467912688,-0.3714695998430949,-0.25135971492354503
0.15304775989809277,1.0188016118293692,-0.29204487247053745,-0.17564651224394215
0.15285563986677725,1.0173071526094064,-0.35174819198379487,-0.22158214458119477
0.0948812838294803,1.3371042991338236,-0.35449140038137544,-0.17257130033959756
0.1528654858234955,1.0172707991983048,-0.3514487579622027,-0.20294239521186186
0.15281974063544468,1.0172242045586801,-0.3700240862283892,-0.25134246766481116
0.09627175581680288,1.3545455496132695,-0.28854507104750293,-0.13120695402824797
0.15279654416936586,1.0172252783011446,-0.37812081362440253,-0.2808326207175841
0.11216750368250697,1.32424006055598,-0.23876866021902005,-0.11659299518933332
0.15279654349627436,1.0172252780092848,-0.3781210777391419,-0.280833411108175
0.1527965433883745,1.0172252778715358,-0.37812112645305723,-0.28083351748567137
0.15280437964233443,1.0172121173147606,-0.3762501197280819,-0.2680356143260447
0.15282150845070627,1.0172166697587577,-0.36997726500747785,-0.24759451472790425
0.15291067776807926,1.017388421433315,-0.32960300969199924,-0.17003773457236723
0.09781792783641385,1.3197327338293958,-0.3711681394006761,-0.17196728018426163
0.1524048494990506,1.0187746740075065,-0.2931131883877721,-0.256693728199807
0.1528754970138254,1.0173791290943321,-0.3397126268215599,-0.2075872000903956
0.12557489637664193,1.2015373173990562,-0.3014413219411615,-0.08132391160808455
0.09646309488791645,1.357124209295733,-0.28341826512315793,-0.14395571034480786
0.15281790213832022,1.017213147956743,-0.37146912255357867,-0.2513585345383537
0.15283432039093467,1.0172721557862558,-0.3614921908905955,-0.2424330915093443
0.12589353475621085,1.2033863144549508,-0.26943606500018674,-0.045897076333985966
0.1527965435329909,1.017225278486122,-0.37812103105152106,-0.2808334710722779
0.09337297788655682,1.3508052681914118,-0.3328528530635012,-0.20448974960975608
0.152864187020914,1.0174564697976898,-0.3372777504434334,-0.23403621282622344
0.09395070084129262,1.3501589699794165,-0.3280295016214548,-0.18631275654404508
0.15297980365995123,1.018593408895908,-0.3042132186476288,-0.24199191037231396
0.15280953801864533,1.0172116853357083,-0.37446920833737746,-0.2614834938363347
0.15279654247810448,1.017225277321472,-0.37812149454789606,-0.28083455174731187
0.1529168535472919,1.0176887495753628,-0.32157160733828094,-0.17971129646508063
0.15279654374639992,1.0172252784523776,-0.37812095615948643,-0.2808331922391821
0.15280262159964747,1.017212099165031,-0.37687397863101463,-0.2702379851441988
0.15279654271622067,1.0172252775965482,-0.37812138907092313,-0.28083431053538843
0.09578472114149511,1.3306094662112113,-0.36400159729738535,-0.1825214301242635
0.152900397891868,1.0174091618275547,-0.3300793562961915,-0.18288109987734533
0.15279654354526587,1.0172252782246156,-0.3781210449256564,-0.2808333969911174
0.10402753248445605,1.305036291438027,-0.3186670638953961,-0.028428192322245003
0.15315610978711525,1.0178610205237524,-0.25927124138917274,-0.10980710572013677
0.15284873882545283,1.0172501395259534,-0.35840084232942626,-0.22015440406427067
0.15241264618518807,1.0175569766455144,-0.301945675930186,-0.1536093898706767
0.15279654531255607,1.0172252803644086,-0.3781202552255154,-0.28083162875124434
0.09877556700853941,1.3194299527802504,-0.358851262316801,-0.13490997625635373
0.1527965434159606,1.0172252778320763,-0.3781211192508952,-0.2808334736598177
0.15281416078320692,1.0172207825646773,-0.37219924308509034,-0.2576213773314275
0.1528824436429788,1.0173359351959563,-0.34098395242735724,-0.1921035202645479
0.05279654298648092,1.0172252775162598,-0.2781212969059724,-0.180833949197477
0.15279654740979415,1.0172252814850973,-0.37811941740391564,-0.28082921296719465
0.10022234908725879,1.332836743916068,-0.2906707749288015,-0.051045986941220874
0.09694537504574421,1.3995365013255012,-0.23538284590655514,-0.1167052111312896
0.15293227738588108,1.017532649325718,-0.3200207240372682,-0.1815552175901585
0.15280280604720303,1.0172120596289895,-0.37681136409813815,-0.26999774346850686
0.152833695142982,1.0172427142700393,-0.36391794804084265,-0.2375548220817752
0.09838285533273622,1.3191041925703066,-0.36490442396250916,-0.1466373365446618
0.10586840989866399,1.2820568378690143,-0.37323664805507073,-0.146626420205522
0.1527965436329634,1.0172252784403601,-0.37812099809067734,-0.28083333384370684
0.1527965429415583,1.0172252781112123,-0.3781212714305586,-0.28083413912300825
0.15282341355773146,1.0172286583646297,-0.36843955323343225,-0.2476522223627305
0.1527965424106255,1.0172252777201873,-0.37812149104392273,-0.28083472667244813
0.15284931801924379,1.017276887516568,-0.3561483272291373,-0.22427740085239067
0.15279654247538527,1.0172252776641395,-0.3781214715183485,-0.28083463178928736
0.15279654307394056,1.0172252781417843,-0.3781212214003087,-0.2808339777954141
0.1528492570584254,1.0172767948017287,-0.3561753848615904,-0.22433773550106015
0.15280504010488502,1.017212464673644,-0.37599198017166163,-0.2672827285620385
0.1255690143499529,1.2024711249724063,-0.29207325512281457,-0.10078466065424961
0.15279654328212305,1.0172252783283358,-0.37812113295163197,-0.28083375480416617
0.15281283130869303,1.0172065889656707,-0.37369562465386746,-0.2562957773729819
0.15282873390878787,1.0172137208108174,-0.36776036413681085,-0.23803725732674047
0.15279654226590877,1.0172252777001787,-0.37812154488872846,-0.28083490635865727
0.15248327387551724,1.0175514105971268,-0.3069476545405226,-0.16630874555965464
0.09818845384644244,1.3181242368354558,-0.3692852625252229,-0.14338092137654854
0.15279654379492164,1.0172252784828382,-0.3781209364514837,-0.2808331373424413
0.15285311405055832,1.0174244448775105,-0.34357213068784886,-0.2445885458589357
0.10097610162229162,1.3043091489150511,-0.3758291690844606,-0.16157197456817343
0.15279654291894978,1.0172252778391626,-0.37812129867874195,-0.2808341070507031
0.15283398316554697,1.1172433376727267,-0.2637746192844608,-0.2373144696475425
0.152815412135786,1.0172213483526742,-0.37172448771756555,-0.2561715943148791
0.1527999944623722,1.0172129405756933,-0.37774937834842826,-0.2737254676004134
0.15282268880864908,1.0172180608219132,-0.36947274647841843,-0.24640896395449408
0.10220125757034347,1.3050205895093288,-0.3556506671489967,-0.11610261667907137
0.10515233777321106,1.4010037881620232,-0.14435777598464028,-0.013528110837316679
0.15281771744355205,1.0172259240684254,-0.3705931528192859,-0.25423140163902785
0.15283370504855423,1.017242719159583,-0.3639142666611735,-0.23754335320934564
0.15283892147431644,1.017184267887689,-0.3666582990991386,-0.219801943568905
0.1528199335019974,1.0172127987365431,-0.3708004732494813,-0.24876018538502193
0.15279989447636208,1.0172026730175676,-0.37851370144012375,-0.27157978530536747
0.15281720766297074,1.0172256706647707,-0.3707875800123033,-0.2548185473369304
0.1527965423108258,1.017225277486687,-0.37812154351542826,-0.28083480128711197
0.152813739736567,1.0172063735328065,-0.37339764361574385,-0.25512111591622183
0.09257012765123529,1.3720588035677557,-0.28626903063425063,-0.16808496612034607
0.09383782843808665,1.343905975712806,-0.3476707390338713,-0.19805576108622114
0.15279654416592287,1.017225278849862,-0.378120776457693,-0.2808327478711814
0.15279654296029196,1.0172252778841016,-0.3781212805754316,-0.28083406458725724
0.1527965430908491,1.0172252779237303,-0.37812123050922136,-0.2808339073838454
0.09442064626234398,1.3549483940899834,-0.3091352575568732,-0.17943685192923264
0.15279654367807585,1.0172252785542786,-0.3781209737640067,-0.28083330191240424
0.15286161062649187,1.0172658750603192,-0.3530569298810145,-0.20692204792475663
0.1057210401335791,1.2821708911933472,-0.3754184643985563,-0.15513355871558973
0.09376480563745249,1.3469856300927292,-0.33899307259487266,-0.18970196002851322
0.1527999958424136,1.0172129407945572,-0.3777488699885716,-0.27372377937125186
0.15281676625868562,1.0172220591190286,-0.37120470352614815,-0.2546233690525132
0.09663992120357841,1.3716480491447083,-0.24858857972611842,-0.10634893306705737
0.15281968592090386,1.0172223237960616,-0.3701815395420738,-0.2510249914450367
0.15280347889464874,1.0172198334188955,-0.3760180492499515,-0.27084898171868094
0.15279654461057526,1.0172252782363358,-0.3781206584333182,-0.2808320453284998
0.11364159240871334,1.251029843684954,-0.34432791939545654,-0.12319784342907261
0.15279654360958017,1.017225278070163,-0.3781210324424901,-0.2808332806372175
0.1528494345750988,1.0172772524532632,-0.35608213779285686,-0.22419578863866038
0.0959536748287882,1.3302257211877708,-0.3627480601331334,-0.17448946052528053
0.15279654386838484,1.0172252787597658,-0.3781208904432731,-0.28083310582968996
0.15279654335687562,1.017225278027187,-0.37812112694150224,-0.28083359229027505
0.15290071960953416,1.0172331402413912,-0.34396761177028035,-0.15395622606041753
0.15279654312158794,1.017225277951593,-0.37812121746136007,-0.2808338746526596
0.15279654294346928,1.017225278114625,-0.3781212705115675,-0.28083413749003394
0.15282878869796418,1.0172237993434048,-0.3669848195351344,-0.23997213278457247
0.15288697500295212,1.0172850554844162,-0.34371751042940196,-0.17862996119032945
0.0981885499840923,1.3181239365315824,-0.36928440868862195,-0.14337952640318816
0.15279654333012294,1.0172252780208757,-0.37812113711561096,-0.2808336250553113
0.15279654294387512,1.017225278111324,-0.3781212705938453,-0.28083413623130504
0.09652962520773617,1.3370955214281035,-0.3332681049303525,-0.1158971913904963
0.05279654379648355,1.1172252784660528,-0.37812093709636474,-0.18083313172620177
0.15287907259138686,1.017318976719875,-0.34338474249589424,-0.19376063590202783
0.1527965424506072,1.017225277737033,-0.3781214753979604,-0.28083467963965497
0.15281676616469198,1.0172220591316028,-0.371204735007665,-0.25462348929290096
0.15283217699373453,1.017207311423099,-0.36709951074629643,-0.2325232725498282
0.15285033452113467,1.0172270263040957,-0.3596805960008145,-0.21395231195387937
0.15281416005100887,1.0172207825062,-0.3721995012985472,-0.25762228280338256
0.152868586388638,1.0173435321225304,-0.34472919388432605,-0.21101248607796233
0.09475065215941232,1.3424978378002108,-0.3401724151854719,-0.16316413986283573
0.09578471114968447,1.330609632025285,-0.3640012172928202,-0.1825206308615916
0.15279654405574167,1.0172252789072502,-0.37812081230151356,-0.28083290068926164
0.15282341358815946,1.0172286582291652,-0.3684395529219133,-0.24765215690001696
0.1528196850648131,1.0172223232430901,-0.37018187369683525,-0.251025948325364
0.15280347910041106,1.0172198334086096,-0.37601797686361815,-0.2708487199782058
0.11203927776254377,1.244387587554237,-0.37602814418394154,-0.030907976504443366
0.15281974145551622,1.0172242049952998,-0.37002377292852484,-0.2513415311568702
0.15279654203233403,1.017225277763696,-0.37812162494680557,-0.280835217303367
0.1528182186827778,1.0172054932989487,-0.3719254679075749,-0.24938063416515777
0.15286909833781942,1.0172503161602433,-0.3519514355497482,-0.19500516129261583
0.15279654198593587,1.0172252773094788,-0.3781216736174155,-0.28083517492473054
0.15283395101373518,1.0172433364377587,-0.36378546041640275,-0.2373545379084995
0.15279654275311996,1.017225277761568,-0.3781213641639334,-0.2808343005730764
0.15279654309171986,1.017225277919944,-0.37812123046929735,-0.2808339054646513
0.15285311421575132,1.0174244453311376,-0.3435720400070347,-0.24458839616135689
0.10090733797634707,1.3426945504481507,-0.2858525534507952,-0.13271885527628516
0.10090826122515421,1.3426952673551458,-0.285851613182935,-0.1327172304954045
0.15279654388135078,1.017225278668198,-0.37812089218531714,-0.28083306893833404
0.1528535332395829,1.0174020393092584,-0.34514259225958316,-0.2403604162633981
0.1528167658228208,1.0172220588807663,-0.3712048713529075,-0.254623865477118
0.15279654216991806,1.0172252777500697,-0.3781215761226688,-0.28083503946151056
0.10645361576314792,1.2803740353948867,-0.36566750849084506,-0.0868222332147628
0.15285867404299314,1.0175935432481027,-0.32928389978756073,-0.2595393608666797
0.15289887315801876,1.017431444086292,-0.32783392966698593,-0.17815868566324222
0.0987711852853805,1.320220291327169,-0.3574566635319793,-0.14296863758591216
0.15279654263643683,1.0172252775676651,-0.3781214200272985,-0.2808344056805013
0.15281220660086026,1.0172146200978467,-0.3733266627796703,-0.2587708570768962
0.1528121242725448,1.0172067762014834,-0.3739266157596756,-0.2572148039910058
0.15279654308865542,1.017225277747163,-0.37812124372125155,-0.28083387086755096
0.1528170558283494,1.0172255874743266,-0.37084608752823256,-0.25499182865438835
0.15279654234320061,1.0172252772900578,-0.3781215456451632,-0.28083471643225766
0.15279654308061955,1.01722527815435,-0.37812121812580163,-0.2808339721994677
0.10097802767123577,1.3043161404681363,-0.3758243029733021,-0.16157455217345787
0.1528932777719555,1.0174090633766522,-0.33175528401210413,-0.18871425565988212
0.152796542808465,1.0172252776098614,-0.37812135478863934,-0.2808341964109938
0.11289100986728308,1.2498520720107913,-0.3656500127111531,-0.16001129095610842
0.15281436771166435,1.017212996997099,-0.372696324940006,-0.2557306396239343
0.15288749294467913,1.0175055501445454,-0.32755646710121694,-0.22025038606439545
0.15279654296231338,1.0172252778131896,-0.3781212848609786,-0.2808340463388763
0.1527965428346042,1.017225277870891,-0.3781213270507156,-0.28083422158086646
0.09337377403490238,1.3508072327066938,-0.33284442222985056,-0.20448508291958173
0.15297599175334825,1.017538388688026,-0.3140904991547067,-0.17949885479104913
0.1528491468459348,1.0172800010816798,-0.35596451783330574,-0.2250541283648511
0.11289287183898875,1.2498532309451038,-0.36564978385378616,-0.1600116656675015
0.15282878709907727,1.017221133880994,-0.3671854501849429,-0.23944502611897311
0.15281897094460406,1.0172222540823912,-0.3704318461528064,-0.2519046348203801
0.15299899402991687,1.0175048245593858,-0.31308166056830483,-0.14613985414826056
0.1527965437408874,1.017225278398305,-0.37812096199784034,-0.2808331873613427
0.1527955480613397,1.0172180274533642,-0.2788753103578137,-0.280049764867251
0.1250519480134657,1.1993971881596912,-0.3355429786648366,-0.10578170216295607
0.1528164638172828,1.0172058025698065,-0.37250285946919853,-0.25161984267025395
0.15282492352482677,1.0172219751584468,-0.3684239062294634,-0.24441845118907402
0.1528130553572513,1.0172203355070317,-0.37261567083978503,-0.25891332313079163
0.15285509323116647,1.0172388322484303,-0.357243165124253,-0.2102361315030661
0.09578525234676721,1.3306131627343198,-0.3639959321334906,-0.182523276613075
0.15288281310109095,1.017463844369417,-0.2304281184144577,-0.2086715253354948
0.15224527827760104,1.0175817206054607,-0.2979116569912988,-0.13056443141354648
0.09283120199719443,1.3568300573463667,-0.30559740885969133,-0.15734688002028516
0.15283645116161615,1.0171944687547663,-0.36667516602577405,-0.22477969464645278
0.15279654264223883,1.0172252775096517,-0.37812142197822257,-0.2808343852902334
0.15307911733751078,1.0177111413984268,-0.2850689471310747,-0.15588962236441156
0.09529944700605787,1.337795603957365,-0.34814605320285424,-0.1659372405028237
0.15280614650429747,1.1172169344433984,-0.27528095160262045,-0.2668613627803335
0.1528770800699157,1.0172914559718753,-0.3462040402508123,-0.1919089427227847
0.1527957556387127,1.1172180352348688,-0.17887602608117956,-0.18005134683627172
0.1528740367103171,1.01755444261377,-0.3255829424665381,-0.22665971403831275
0.11389226564469526,1.2507226129121711,-0.3387712490948334,-0.09548198578204226
0.15280752257779212,1.0172131712225831,-0.37506743204046705,-0.26432381921027553
0.15279654245690244,1.0172252775284942,-0.378121487736256,-0.28083462505173296
0.15304775978551638,1.0176996729208507,-0.29164968317740786,-0.1761063495030557
0.09454174419342677,1.3383524069700936,-0.3558674311808494,-0.19143608510525098
0.1527965442844032,1.0172252791043859,-0.3781207157065687,-0.2808326540629155
0.15282680372859997,1.017211568079701,-0.3685683774056053,-0.23999394465117785
0.1528045973865243,1.0172201336898934,-0.3755996044912688,-0.2695040013040963
0.15298597308077683,1.0182945634637703,-0.3122249598502721,-0.1674607579768087
0.1527965433852835,1.0172252781211588,-0.3781211101347591,-0.2808335773966411
0.15292702971336683,1.0175958003282815,-0.3177531735668653,-0.2053859608805166
0.15284893450428932,1.0173724253749863,-0.3489645292250393,-0.24157114081426379
0.15279654209111143,1.0172252776131079,-0.37812161424663676,-0.2808351090211582
0.1528214317426993,1.0172259664758208,-0.36931509339987023,-0.24958635825698433
0.1528625304478861,1.0172704352919133,-0.3524074739835163,-0.20656119679910273
0.15286386959182777,1.0172583502325232,-0.35293962478997243,-0.20282224930773676
0.10597041253840053,1.2819037319954587,-0.3718652269442629,-0.13960594304054424
0.15289855811551295,1.0173532952406577,-0.3347083553707763,-0.1742928816816192
0.1528157123623713,1.0172288760429304,-0.37107029551347365,-0.25736254614553894
0.1528068211362544,1.0172085068387655,-0.3756497425774223,-0.264196950510613
0.15292848471425846,1.0175273451319837,-0.3205196683599611,-0.18103741204426893
0.15283682979312024,1.1172109736543028,-0.2652891353811847,-0.22752038288069693
0.09383813261239234,1.3439065027215427,-0.34766843892726296,-0.19805412846775472
0.15281220461152942,1.0172067580445803,-0.37390011921461136,-0.2571110076331769
0.052819684795793395,1.017222323271216,-0.27018196373809267,-0.2510262901860125
0.15279654456340735,1.0172252799205392,-0.3781205575673145,-0.2808324820002341
0.05288428213966078,1.117336501703797,-0.340374028986782,-0.08986400567197678
0.09427147567033424,1.352311780873284,-0.3183128069657266,-0.17950588267514367
0.09380131075476876,1.354123516892735,-0.31852892617590295,-0.19499407725601114
0.15279654390904002,1.0172252783023876,-0.37812090783069247,-0.2808329521059687
0.15285661150249,1.017493114353307,-0.337087551561417,-0.25025706724858127
0.15282947570237157,1.0172297365579273,-0.3663085747185561,-0.2402919714805766
0.15279654277648647,1.0172252768788863,-0.3781214175803552,-0.2808340736510331
0.15279654299809198,1.0172252777141306,-0.3781212788444323,-0.28083397869272
0.10097930012973388,1.3043200911698738,-0.3758209613823646,-0.16157637464031335
0.1528141607475107,1.0172207823486636,-0.37219927114289947,-0.25762137650671235
0.15281676617939538,1.017222058449384,-0.3712047798697264,-0.25462332899131074
0.15283395081795312,1.017243335646308,-0.3637855853296707,-0.23735462925699263
0.10292491716987628,1.305689043941424,-0.34139577494495166,-0.08322926604835004
0.1527965440642531,1.0172252785879234,-0.3781208316420628,-0.2808328186510619
0.11289328582191428,1.2498528567157101,-0.3656487729633926,-0.1600115195617469
0.15281177546935107,1.0172124674629053,-0.37363309970410774,-0.2588542751078761
0.1528283168591254,1.0172496607399306,-0.3652096774986049,-0.2456806826372853
0.15161367983127197,1.0367114483159274,-0.28626562855581245,-0.17516716189450257
0.1527965449062355,1.0172252799419819,-0.378120431957783,-0.28083205098636543
0.15279654323018355,1.1172252775098865,-0.27812120912496663,-0.28083363796475547
0.11324637053913494,1.249553979361168,-0.3589856960174638,-0.13135698497041093
0.04167888710373004,1.3883740797713062,-0.3517351212547965,-0.0730528706516179
0.1528066122126796,1.0172208985548543,-0.37483207698734466,-0.26713061416076017
0.1528172076750517,1.0172256702572453,-0.3707876056231908,-0.2548184474512161
0.15232826665531843,1.0177082978797336,-0.2908628314740236,-0.17693258398177053
0.15279654534980935,1.1172252801693128,-0.2781202554441494,-0.2808315379091691
0.1528686399081645,1.017344010021556,-0.344674440125449,-0.2110198752319151
0.15279654240465415,1.0172252768641352,-0.3781215532366765,-0.28083454308315176
0.0949237878285372,1.3433193700674602,-0.33648389922873084,-0.16449031990561747
0.15279530720436196,1.01721801701397,-0.2788737603661036,-0.18004910360164864
0.1516668576332326,1.036709484357045,-0.3182189959741948,-0.27220653709685283
0.15293889241947295,1.0180969745808477,-0.31431136354017186,-0.23164462825547902
0.15279654392384595,1.0172252783787281,-0.37812089713099967,-0.28083295037948836
0.1527965434439393,1.017225277760753,-0.37812111416559696,-0.28083342231493225
0.15288815675656506,1.017351871865957,-0.3379461316701141,-0.18721699214787826
0.1528191231273474,1.0172222862396398,-0.37037725934531396,-0.25172093626146624
0.1527965431602719,1.0172252774684103,-0.378121237336009,-0.280833717556271
0.15286978035355003,1.0172812665303275,-0.34927652726399994,-0.19934903528661824
0.1524093016977567,1.0186197585752057,-0.30427817384378325,-0.24192414144030688
0.15279654217007388,1.0172252769314885,-0.3781216334577171,-0.2808348564074631
0.1247674284839263,1.2008390719046107,-0.339061171754363,-0.19046251998961353
0.1523605047682523,1.0186656378293986,-0.3015440861598273,-0.17689772035072898
0.15281141144735172,1.0172148690559797,-0.3735851133849657,-0.259817937110576
0.15271763180728679,1.0184648287278417,-0.3203645095318991,-0.27293858317545205
0.15282831614845613,1.0172496608451003,-0.3652099111812393,-0.24568160167150577
0.09496547438550544,1.343745658109787,-0.3351051492943578,-0.1664224153861418
0.15279654350734811,1.0172252784115776,-0.37812104556727344,-0.2808334870424649
0.15281705542782642,1.0172255874156182,-0.3708462303545796,-0.2549923199703411
0.15279654204286713,1.0172252774665018,-0.37812164184771146,-0.28083513710076347
0.15279654252732,1.0172252780683628,-0.37812142433764195,-0.280834655932957
0.15279654279968224,1.0172252780674391,-0.3781213257729649,-0.2808343093845994
0.1527965426648963,1.01722527806722,-0.37812137456648837,-0.28083448061824184
0.15290584022344472,1.0173673680168815,-0.3313454101410938,-0.16685015496953173
0.1528509686167368,1.0172350791510745,-0.3588510670004092,-0.2146434975034131
0.15279654220845273,1.0172252776152106,-0.37812157150439135,-0.2808349599191904
0.15281806411976084,1.0172162872136588,-0.37118239219756605,-0.2518061933857138
0.15281228824291343,1.0172067264771785,-0.373873466711976,-0.2570002861282119
0.09659099320126893,1.3306199688707203,-0.3540354116490251,-0.1578700233998145
0.15288682983902135,1.0173081238120585,-0.3418894127772267,-0.18235561342938633
0.09454064769779799,1.3383446676200754,-0.3558866901023341,-0.19143925056217248
0.15289081708132132,1.0173221900668128,-0.33954710168465435,-0.17949420812952802
0.15279654176761145,1.0172252774243358,-0.37812174445728547,-0.28083547760480254
0.15282996042168476,1.0172576009562844,-0.3640590538138088,-0.24516029531723388
0.15281974072009613,1.0172242042836586,-0.37002407768019296,-0.25134230603747304
0.1527965422809481,1.1172252777052807,-0.2781215389291042,-0.1808348878183416
0.10097246052450133,1.304298998749956,-0.3758401576833294,-0.16156862450608064
0.15279654223775815,1.0172252775664343,-0.37812156438946326,-0.2808349120274964
0.09474118094739703,1.343196764979807,-0.3388918667017718,-0.16891388054005507
0.1528164646598647,1.017205804241029,-0.372502447826424,-0.25161914642607874
0.1528145936792582,1.017213938425215,-0.37254940237391804,-0.2556460582326901
0.09461328291740002,1.35304933620747,-0.31186688718838645,-0.16730886328781697
0.15279654335735315,1.0172252785940163,-0.3781210870118475,-0.28083371824188047
0.15279654239495874,1.017225278097115,-0.3781214702588677,-0.28083483068256704
0.09454070013289567,1.338344885662521,-0.3558873502326597,-0.19144118968806967
0.1528151248869501,1.0172200643238165,-0.3719177516774172,-0.2562633822959578
0.1528319584223029,1.01721097948689,-0.3668940047650156,-0.23351452228520606
0.1527965422467053,1.0172252779559323,-0.37812153381655333,-0.2808349875730931
0.15285742652093898,1.0172690425447426,-0.35413772265734816,-0.2126925468283714
0.15279654230897202,1.0172252775569646,-0.37812153929343145,-0.28083481945614286
0.09488067550295591,1.3370930327586776,-0.3545153455265718,-0.17256649375921354
0.1528051941454328,1.017220422763769,-0.3753675032094974,-0.26881450884122077
0.0939711556435101,1.4473115673927959,-0.23597357230903074,-0.08653537621857399
0.09641642172404945,1.3621614511809497,-0.2627435027344373,-0.12589017222367213
0.15280661208738977,1.01722089850928,-0.3748321245092089,-0.26713076224182697
0.15281897056239038,1.0172222541946516,-0.37043196929661293,-0.25190513682112947
0.15279654241376256,1.0172252774663493,-0.3781215077108971,-0.28083466600779183
0.1527965427323962,1.0172252776317465,-0.37812138065567685,-0.2808342975161839
0.15279654241287138,1.0172252778098145,-0.37812148383794475,-0.2808347434592959
0.1528342586438483,1.017271975741392,-0.36152658213926353,-0.24247734949303953
0.09420868194072679,1.3549039446182924,-0.3116525830142405,-0.18481821601823994
0.15279654366832568,1.0172252786401417,-0.37812097118278526,-0.280833333176935
0.09186653772186312,1.3403239914506908,-0.22531398232497457,0.009243958946499204
0.15281820583031658,1.0172229737111425,-0.3706417384600657,-0.2530102415469249
0.15285244030668893,1.0172345683690778,-0.35842057154673523,-0.21273649895334035
0.10133656555676405,1.3025471683904688,-0.3737211225319596,-0.12609369325383327
0.15279654272518783,1.0172252778897313,-0.37812136519129086,-0.2808343643523711
0.057593898026602294,1.3103869852898613,-0.27647166599357864,-0.038810845802807074
0.15286961365350035,1.0172811364302492,-0.3493388199622253,-0.19953533366989099
0.1528451110842846,1.0172337229924684,-0.3608436964948349,-0.22163018335261492
0.15279654223731087,1.0172252773884634,-0.3781215769636686,-0.2808348726107687
0.10741331325777426,1.2834014015592967,-0.3388828189051908,-0.06189380160143418
0.15289047831478159,1.0173302075543573,-0.3389979208859691,-0.181107935375333
0.15279654208873322,1.0172252773426742,-0.3781216339365879,-0.28083505116918184
0.15281305470614873,1.0172203359883523,-0.37261586229299826,-0.25891424133057733
0.0943237891038661,1.4433739264776215,-0.2433686384473304,-0.18183903116064673
0.15279654366124196,1.0172252780154882,-0.3781210174316075,-0.28083320223401265
0.15279654227295694,1.0172252778279336,-0.37812153329854653,-0.2808349256515094
0.15279654241183965,1.0172252778105935,-0.3781214841849671,-0.2808347450363604
0.10133540524578248,1.4025407489200088,-0.27372449955078415,-0.026088503874429098
0.15279654278197607,1.0172252778292246,-0.3781213488961423,-0.28083427871714817
0.09952599318473704,1.3186533856784624,-0.3483821780899487,-0.09083464476210822
0.0963633339121136,1.345655048169288,-0.29906380043571434,-0.10306858549477364
0.15279654320013264,1.0172252777004043,-0.3781212065192465,-0.28083371827255177
0.1527965424012434,1.017225278104191,-0.3781214674864718,-0.28083482427080114
0.152796542491812,1.0172252773883366,-0.3781214848259492,-0.28083454901308635
0.1527965424175638,1.017225277816184,-0.3781214817651344,-0.2808347391648988
0.15282023859883503,1.0172052081114547,-0.3712588181627808,-0.24682164943042434
0.15280960531597954,1.0172116294854199,-0.3744497582794523,-0.2613874563065841
0.1528421216374925,1.0172574694037697,-0.35999971153477955,-0.22978549391745742
0.09640059043002797,1.3289842427251186,-0.35948762818258845,-0.14924281668540323
0.15279654350576327,1.017225278628237,-0.3781210309004461,-0.2808335372818859
0.15279654306314822,1.017225278122004,-0.37812122658829606,-0.2808339867102271
0.15281212420947252,1.0172067764271442,-0.3739266212355856,-0.25721493053639155
0.1527965420552864,1.017225277488998,-0.37812163582591735,-0.28083512651228604
0.15279654306320345,1.01722527812221,-0.3781212265900364,-0.2808339868275183
0.09349075860391941,1.3479083678777122,-0.3399167725801948,-0.2023202014601818
0.15283936487659974,1.017231014101501,-0.3629270717358909,-0.22823853957247728
0.15279654262109496,1.017225277473891,-0.3781214320067623,-0.2808344037093261
0.15282998886008586,1.0172576780100568,-0.36404364535343314,-0.24513930815550505
0.15299654051532943,1.0187184415992177,-0.29757468455450553,-0.2146834782561903
0.1525629629175001,1.0181138950524335,-0.3155633104801596,-0.1821993718765775
0.1529313982567389,1.0178208312404433,-0.31987971464924647,-0.1732052891180286
0.0938448151229822,1.3184216752982492,-0.29708022563717273,-0.011942294312935735
0.15280575698713786,1.017220714273972,-0.37514746071715815,-0.2681682887558798
0.15280953869991545,1.017211686892593,-0.37446885771074145,-0.2614829745852155
0.1528890735996629,1.0173721618344824,-0.3359972127560969,-0.18880011303917224
0.15279654241767832,1.0172252776874189,-0.37812149073949297,-0.2808347102191872
0.15286913995746942,1.0173435816573055,-0.3445484499500891,-0.21030676545657695
0.15280966305605193,1.0172118870914022,-0.3744109423532586,-0.2613702548709803
0.1009726693985599,1.3042985968451286,-0.3758395452588026,-0.16156885018512815
0.15286873458315756,1.0173445108117878,-0.34460473644371115,-0.21097782241680646
0.1527965418624168,1.0172252775809063,-0.37812169930666306,-0.28083539258422957
0.15281974100481444,1.017224204816727,-0.3700239407247652,-0.2513420589519992
0.04713084989418211,1.3526583165034647,-0.22241254449733278,-0.15879855427107648
0.15279654416931154,1.0172252791757421,-0.3781207523131776,-0.2808328161114265
0.1531318558478656,1.017768402035521,-0.27010978641813943,-0.11688537973701349
0.15279654473367665,1.0172252795461059,-0.3781205220282554,-0.28083218138132393
0.15279654238773832,1.0172252780924216,-0.3781214731990771,-0.28083483880422616
0.09337201801422582,1.3508013806842747,-0.3328692532735103,-0.20449879892439224
0.15284212351313956,1.0172574726838335,-0.35999884244335684,-0.22978374889202105
0.15286862036638368,1.017344289529282,-0.3446586449554662,-0.2110896038231041
0.15284396531549999,1.0172316659986629,-0.36137414605205614,-0.2226635286737202
0.1527965423666508,1.0172252774068058,-0.3781215288662615,-0.28083471233878904
0.10097281300237954,1.3042986538305907,-0.3758393126117985,-0.16156859624371153
0.15301362723197476,1.0185576490372927,-0.30200391490490874,-0.1763041344492049
0.15283210120373225,1.0172112851763162,-0.3668235468498945,-0.23339875598606344
0.15289839350404255,1.0174054926902827,-0.3303652457147977,-0.18084810136718765
0.15285869335314373,1.0175935280486283,-0.3292844008259568,-0.25954179844820746
0.1527965424477836,1.0172252777150914,-0.3781214778585515,-0.2808346779756437
0.15282343616200914,1.0172169720635484,-0.36930015186307075,-0.2452584541338665
0.15279587332887853,1.0172180560864386,-0.2788761358409248,-0.2800516108338475
0.1528866735281301,1.0173231194903656,-0.3407238386747825,-0.1848300576086671
0.15283906999464078,1.0172071465060717,-0.3648504637300219,-0.22403539522300348
0.15281676566163233,1.0172220585463574,-0.37120495150458493,-0.2546239980597804
0.1527965424292431,1.0172252774829735,-0.3781215009330093,-0.2808346500129977
0.15279654254564726,1.0172252780401623,-0.3781214197231172,-0.2808346264829033
0.1528586925208332,1.017593531812845,-0.32928425423641056,-0.25954148631664087
0.1531525113755898,1.0177747318526502,-0.27042959975187,-0.11572919846921714
0.15279654363966486,1.0172252788587437,-0.37812096627442565,-0.28083341858787164
0.1528129703218438,1.0172126867186584,-0.3732025010028207,-0.25740886599112245
0.15284953194513762,1.0172774003488085,-0.35603894101153677,-0.2240993434432525
0.15281968508372756,1.017222323352857,-0.37018185931245373,-0.25102594791907284
0.09578356461025005,1.3306040909529062,-0.3640128286673439,-0.18252220722949583
0.1528122892316056,1.0172067275059395,-0.37387304938568344,-0.2569992736959426
0.0528566099890189,1.0174931173868098,-0.23708762358090305,-0.25025851742538446
0.1527965439131197,1.0172252791489218,-0.3781208469664491,-0.2808331358925577
0.152796542667463,1.01722527807241,-0.37812137333983903,-0.2808344787541086
0.15287008266363486,1.0172889384248005,-0.348572859089124,-0.2002402687014585
0.15281705498117415,1.0172255866744244,-0.37084643885670926,-0.2549927267842447
0.12531967840965935,1.2014705685755445,-0.3121830761342655,-0.12616990677696294
0.15281974108200558,1.01722420471563,-0.37002392171475323,-0.25134194160598367
0.15286205984463538,1.0172903269428146,-0.350993285156704,-0.21054914762746324
0.15279654199788276,1.0172252773174424,-0.3781216686432941,-0.28083516118796603
0.15282831683170522,1.0172496618519031,-0.3652096043831469,-0.2456809384644329
0.15284212119301882,1.0172574697041523,-0.3599998348465301,-0.22978610719140175
0.1528197404018371,1.0172242046661233,-0.370024158565029,-0.2513427826606414
0.1527965424218558,1.0172252774739032,-0.37812150422811197,-0.28083465732836127
0.15282669317986297,1.017211877533845,-0.3685822701013715,-0.24019271695461894
0.15279654227357423,1.0172252774293156,-0.37812156099196365,-0.2808348357106659
0.15282947554099807,1.017229737889462,-0.3663085293944954,-0.24029243735396763
0.05236946492476258,1.1186363532127448,-0.3023660368345636,-0.07604492540793675
0.1527965434101213,1.0172252780084468,-0.3781211088928221,-0.28083352010197243
0.15283503267587994,1.0172206504093917,-0.3651434181776843,-0.23161067038316605
0.1527384837805705,1.0184330663804444,-0.312825799824276,-0.2392364382819379
0.09365552031740801,1.3504220981569466,-0.3306830898670622,-0.19536624684643406
0.1528439161787531,1.017320159704461,-0.3546320846223136,-0.2389961157310821
0.09498918142232889,1.3429853764183857,-0.3363525474757371,-0.15994802626677165
0.1528154116573761,1.0172213480511116,-0.3717246754543836,-0.25617213149539014
0.1528267277605696,1.0171961245646644,-0.369753822909663,-0.23698430210544286
0.0528380116207052,1.1172452406486475,-0.26236358268788695,-0.13286965538249332
0.15307094075213593,1.0175830575181213,-0.2998718715473617,-0.1518887040248604
0.1528338210108727,1.0172126265868648,-0.3661529783581595,-0.23154296739902877
0.15279654225993822,1.0172252774168848,-0.3781215667756443,-0.2808348501882502
0.15281459420799273,1.0172139389464396,-0.3725491815543671,-0.2556455075173733
