0.04571333554768849,1.5263724300500257,0.2548400393823924,0.7634306475972777
0.025925468527342097,1.1802096733336176,0.8375430769471448,1.4924957663369054
0.01752154411423247,1.5441810822996087,0.10141817702515081,0.9042348350098374
0.2947413580267999,0.7612501511340131,0.7680130880970993,1.5722930287959276
0.012896785784185141,1.4381150378841547,0.19117855949516127,0.6303715338319298
-0.05250641346867383,1.4361893972603614,0.3997963352132107,0.8642864892629013
0.0073400667448980375,1.541296618603702,0.07639877417003837,0.245412230778325
0.06439278642161604,1.5408306043258495,0.1755204929039874,0.3280303410316253
0.004546414289918907,1.5324514956039599,0.2941062842964046,0.08017633794917446
0.08857080863261861,1.5574927882652179,0.14200646087923335,0.1280138596499032
-0.045303681338919544,1.455319711672006,0.15070495361906255,0.34791630674380014
0.07446000384483209,1.5451736796607312,0.07505781148101918,0.13022990580300176
0.03201014955398872,1.5773180756318503,0.24097736601316086,0.3797778713473233
0.2270386656777569,1.0056834796852216,0.8441875902234703,1.3508096826519425
0.3049674529890629,0.7317237602212366,0.6229803931147878,0.954552529752892
0.1891580550020786,0.7765199248967591,0.8781116962801514,2.732023994096896
0.29732572423800996,0.8541338089351369,0.9150314469044059,2.519357774691045
0.09162232308454418,1.4436769267211818,0.13457775487979928,0.32862016371105957
0.1550291666939503,1.0335088977565414,0.45251319266435747,2.25604039779582
0.026712122524453874,1.412561765775299,0.11875996838687986,0.812730714244722
-0.025768291846235414,1.547395489662684,-0.036562759104147996,0.24273159600919517
0.007942094607255729,1.4987765947873386,0.13615041794525742,0.5103370556698467
0.01872772883296403,1.5071524718395748,0.09167121244852382,0.2894440547248684
0.013733087591896093,1.4367422248633746,0.06723645237967299,0.08562584141403201
0.0639809587540695,1.4518014678855302,-0.0015488855276621033,0.4912108227772452
0.061675733894957625,1.4035571795174486,0.00365707110344803,0.22747884430077359
0.03137808555827022,1.475139744450874,0.04392329794333966,0.26024064211070314
0.007421692480874598,1.4090466489938027,0.13559473840803726,0.34806454938432324
0.3095252230590836,0.8172082430212311,0.6030974485358778,0.8953790156939743
0.06851107569686699,1.5399218108898047,0.16024736138035028,0.6396109642740736
0.0977537046304679,1.161030283398477,0.7192844630414097,1.0168278374034347
-0.008076407035811297,1.472703728862544,-0.11623380120415863,0.3478223917319554
0.19726018034885928,0.7541280925601413,0.9892650556512728,1.027895196772222
0.09410742005704505,1.4011985416128159,-0.13563551533296897,-0.0552535820988268
-0.03713047898170385,1.4153086770536802,0.08564612541020021,0.42746851081908666
0.08781402352484746,1.4399257926616964,-0.07542323192123153,-0.012328118607692212
0.025885594476779572,1.5255869086231943,0.12384067012477326,0.3242871376742958
0.22132392506499796,0.6753445284144322,0.16791380177349585,0.3980899631661069
0.08952973205167684,1.415781822849494,-0.10656210670580192,0.10887322710678933
0.08280758999515056,1.5296324405976633,0.1358076642320754,0.15591964842695183
0.08890981042891972,1.424267352435102,0.015182676264807158,-0.14794045301763756
0.005117106844919811,1.5440055338486638,0.18330296088188183,0.29012314122204497
0.0762552150550368,1.5450830418107446,-0.03535418308069144,0.26270076567950285
0.07737126256860646,1.4360154085020649,0.02574811228229251,0.2852652617094541
0.0358324393416905,1.5164807972212888,0.10763966567645877,0.2050616369627763
0.03658487060617159,1.4609779695635874,0.10050451140510992,0.31980902886656953
0.10927404177286466,1.4449233312578698,-0.003597359503320473,0.06587829266630575
0.22637489561555993,0.6549226126098872,0.08872635872342986,0.13676317442434904
-0.08987985097635978,1.4828574036232944,0.042359518936521394,0.7045231682866908
0.08804796685002186,1.4276780418798414,0.0028602854499882053,0.02205665998486
0.032379515610060985,1.4918449827426234,0.08030538456308459,0.3027881196486058
0.031665778999939914,1.4647245384001164,-0.005555551326114755,0.20686768010048093
0.06872713931980745,1.5431750636828672,0.13152460815889094,0.2506634806536605
-0.011984426054900342,1.4091036296800992,0.07364072263274432,0.3717891669613753
0.0825808095627768,1.5310441641476815,0.1098100108647942,-0.03733187850470083
0.08131689088493223,1.3734100284987174,-0.11562431548254046,0.1003251558170504
0.02931216767110517,1.547545826717698,0.039648922435855556,0.2838691846723032
0.07640166495391347,1.3813845947665007,-0.0953359706546006,0.18133778763762723
0.09674512052876084,1.4655430922918473,-0.0872226999748073,0.08094300333419689
0.09570420918392242,1.3697378056028564,-0.05742325917135935,0.24154640153128304
0.09233011626641105,1.4091064463277996,-0.05116600485278626,0.16390525511975973
0.08890480240205813,1.5326035682721704,0.06004046464892879,-0.014424381358732427
0.09648810445096762,1.4837586235123275,-0.08240179538700262,0.20873369404590603
0.086371009122168,1.4418035186475084,-0.07728342462254423,0.030204961361477066
0.08106217886870533,1.4279305509333804,0.05972361109018082,0.11054627594036032
0.33808915590372607,0.7045316481487782,-0.15718996254214512,0.06801407460215042
0.012080791215305836,1.4784280353324508,0.019571384316557364,0.3591015348950925
-0.0031234817742428972,1.3918195067499881,-0.044208714312487934,0.09927664757640241
0.05998635948722643,1.4274382940799215,-0.12918251606793496,0.001936035230538326
0.04353920793672635,1.3766490694854083,-0.07131765076548573,0.19417793645921358
-0.004755954011229081,1.398501473179349,-0.029875714771810724,-0.03533585383779192
0.07290124296208896,1.3608908390778294,-0.13239806810787566,0.054580871685672876
-0.008975076598907963,1.3881203538643943,0.02142505643449376,0.23460704696467907
-0.0028948907062436805,1.4757981714482185,-0.15059697303088795,0.17478405456526883
0.06836957212217144,1.3809798060700196,-0.08197238674464886,0.02824752739922218
0.07986578254227211,1.5280039338012392,-0.01605418763224903,0.21767151280091454
0.09711677891016952,1.3814224767514065,-0.1582739238546905,0.022187070574395826
0.3140576817450062,0.7014132848057704,-0.10144966253673839,-7.944731519550048e-05
0.09762635949638082,1.4722992575102838,-0.09529174250640945,-0.0385120166197844
0.07622151767922353,1.4034136128197263,-0.1360520822213002,0.08170270775610795
0.09515629609549293,1.4151962161886311,-0.10132690435910907,-0.051093282010343535
-0.03168262581009788,1.3789190063643904,-0.027077393878793876,0.2537315067469138
0.09704220674811498,1.3566198679471972,-0.26878989521754,-0.09125778126026572
0.08232038217263726,1.4476243260140094,-0.0863395795261514,0.008386206672548762
0.09742527007880424,1.3780306070960326,-0.17968788201151437,-0.006235110468847536
0.09774341659256322,1.3722232453887204,-0.10050352171871213,0.06058821982979325
0.09741722363353614,1.4563057707325389,-0.16157883811636745,-0.06799851198901344
0.09317867377564555,1.3551290752097314,-0.22540848614141348,-0.01470064756612338
0.09627488184765137,1.3712758309577657,-0.23596071342736705,-0.09016756738669424
0.09560546985719458,1.3608228932230748,-0.20499744077913834,0.00861676167644276
0.09506577481217682,1.358158989405529,-0.29263977186187023,-0.17167125626183216
0.09589179333758924,1.45765867807824,-0.1836005203187007,-0.1440147436376059
0.08375106980503295,1.3881363480264046,-0.17789358840368663,-0.02524424577890079
0.1528933459155624,1.0173202999829414,-0.33894153160320173,-0.1760443640465085
0.0970007741992011,1.3575761376230708,-0.2679377037020205,-0.1011388233256654
0.09752297242025651,1.3559588403801024,-0.2691625251360918,-0.08565026265523927
0.09740482833885067,1.3650813326037587,-0.23632615329847045,-0.08809727021696434
0.0964322510387479,1.3586097525575958,-0.2738686322874661,-0.1277375250791489
0.10332764483168083,1.3061354268889782,-0.3314194678166825,-0.054832208982886564
-0.005010418504017817,1.458303308183422,-0.29314998043693713,-0.07443045883927446
0.09520769739488331,1.358234026768193,-0.2907114805410008,-0.1678420685164822
0.09534305612964443,1.3582657743084219,-0.28885559523358334,-0.16288253268864622
0.09497105252487457,1.3583404162038717,-0.29326717637709626,-0.17510441948760502
0.09456164527750575,1.354125055566092,-0.30996661221005645,-0.17526057736313236
0.15280285991815798,1.0172483651104323,-0.3742148836647669,-0.2778541148109293
0.1528028598860882,1.0172483651357311,-0.3742148934433305,-0.2778541615470677
0.09778375440224636,1.3444384861076513,-0.277432326553364,-0.08906445598732741
0.09562976291095748,1.357891407437395,-0.28639224130127006,-0.15360214175481499
0.0770595977993025,1.3908765994404906,-0.23971833928076636,-0.1018854064732583
0.09435307256527763,1.3570480825824003,-0.3041233304718627,-0.18785639067613472
0.09602900784357192,1.357022555931946,-0.28342646829620294,-0.13710797367657376
0.15280673477323203,1.0172457720352248,-0.37300889165823015,-0.272323785291377
0.15280285989243386,1.0172483651306707,-0.3742148915114095,-0.27785415228529753
0.10591030493415625,1.2825677870658831,-0.37164863559916855,-0.15137498224060783
0.15280285998808368,1.0172483650554454,-0.3742148623334241,-0.2778540129502659
0.09592411814241719,1.3576598316163744,-0.2831650378387709,-0.14290772633239382
0.1528922287707653,1.0173444395213491,-0.3372828547318569,-0.18082408049400692
0.09415963725975335,1.3507188884053793,-0.3244055003349207,-0.18427702515551533
0.15280285990707573,1.0172483651191913,-0.3742148870413926,-0.2778541309604341
0.09673910016396524,1.3597048580658535,-0.2656172480061814,-0.11956397678708955
0.15280332645009337,1.01724794888802,-0.37407618200989934,-0.2771640504620934
0.15282409451307144,1.0172400435685371,-0.36736305738489083,-0.2490921959884302
0.15280386307038302,1.0172474899038366,-0.37391555554388123,-0.2763752482368963
-0.003386515694770321,1.4583017872772823,-0.2717431836650965,-0.017867114772538023
0.09838947187370731,1.3186020556729037,-0.36574663858939166,-0.1407525031885193
0.09594689426796373,1.3576974400694568,-0.2827609656061393,-0.14229880267741085
0.1528395348023371,1.0172934085264433,-0.3581323750005502,-0.23976573536689377
0.09655207592457508,1.3565815883374324,-0.27643706499265197,-0.11682271904402411
0.15280285997893656,1.017248365062367,-0.37421486514505686,-0.27785402622349326
0.1529663483974386,1.0183080185507822,-0.3088883587988169,-0.2305241164844095
0.1528182202060219,1.0172483809980746,-0.36877426819959197,-0.2582199745674423
0.0955050894098381,1.3581795553455864,-0.2871863756120694,-0.15874330665791528
0.09600781777919766,1.357664973231513,-0.2820310857752369,-0.14014554666612303
0.09365473743943141,1.4533884799553258,-0.22256543684990207,-0.20113915786143022
0.15285680865634352,1.017306075511922,-0.35145191493065087,-0.2199032783722972
0.15280285987899783,1.0172483651415616,-0.37421489558684723,-0.2778541719214239
0.0952412972964806,1.3582692006680828,-0.2902033925635493,-0.16699894861961564
0.15283657541082668,1.0172458860944562,-0.3627175960647361,-0.2345557447401857
0.15280995313828158,1.0172431186962982,-0.37205534437138577,-0.26764729959088646
0.15283418799455745,1.0172801321786298,-0.3609385871777909,-0.24412641934941637
0.1528039823685326,1.0172473668271385,-0.37388138138808197,-0.276195416000541
0.15280461980615875,1.0172468361027238,-0.37369006735443855,-0.275262610211081
0.0960716375688444,1.3576577604394073,-0.2811816082125737,-0.13790035900690703
0.15287607227048178,1.0174507059185198,-0.33382499165167523,-0.21707959657997597
0.1530263873926077,1.0185048257715155,-0.3060846128543429,-0.17478518818557615
0.09641983213518208,1.3578229601505247,-0.2758084556722943,-0.12580585854193843
0.15285936230512764,1.0174340441598537,-0.34070778052994194,-0.23756095666539664
0.15280285990066644,1.017248365124016,-0.3742148890140928,-0.27785414025501326
0.1528222091396413,1.0172408024317112,-0.36795269067121483,-0.25162260303468575
0.15280285990335757,1.0172483651218838,-0.37421488819279874,-0.2778541363273424
0.09569866552935082,1.357870747288423,-0.2855622262453658,-0.15131898571211497
0.15280285998826112,1.0172483650554194,-0.37421486227262796,-0.2778540127168044
0.15281180496616492,1.017243538476883,-0.3713713665268452,-0.2653766850071093
0.15280301311504832,1.0172481883701836,-0.3741721410197721,-0.2776187395337484
0.08015952368717677,1.3748006754197561,-0.16100603480760267,-0.03414485577533874
0.1528449817359101,1.0172502266278378,-0.3596157758831592,-0.22485623317403128
0.09680428996273902,1.3900398008616386,-0.16389571146651222,-0.010507320482997243
0.15286373115310203,1.0172862417398347,-0.3507835034399997,-0.2077532334205172
0.1528072567659039,1.0172455631968615,-0.3728376274905495,-0.2716111653061629
0.15311041923926091,1.1179683453549327,-0.16109599294659196,-0.1480661090515064
0.1528095913328249,1.017244118376182,-0.37211158858975146,-0.26832077996107506
0.09627322539773961,1.3574168492011918,-0.27904300876704924,-0.13070601300440637
0.07657861716877556,1.3913453575462933,-0.24525399277097956,-0.1212307716415065
0.15280403782298901,1.0172473516326037,-0.37386252466155884,-0.27612094392481124
0.15313085815519406,1.0177925258443168,-0.26817883409911275,-0.11807237194482421
0.15307926671535974,1.0176443417347905,-0.292163367928438,-0.1592605702675317
0.15280392448805444,1.1172474231327607,-0.2738982010956199,-0.27628192233289417
0.09554741396599993,1.3580744368945838,-0.2869406331885748,-0.15697901089223132
0.09560418943638874,1.3580395211015428,-0.28631628918474633,-0.15506684177679372
0.09718687534734233,1.3633271768435538,-0.2465480704855594,-0.10305460956546351
0.15280285996685816,1.0172483650720148,-0.37421486881788407,-0.27785404385004836
0.0943240160965913,1.356489738549672,-0.30606917339871437,-0.18739850710858988
0.09558309886211988,1.358080418394027,-0.286472965236114,-0.1559062160158684
0.15285523610428553,1.0173878663665301,-0.34565487536947126,-0.23573915113496122
0.1532573452284584,1.0176299231703074,-0.2851163909956597,-0.18681073617788582
0.15281540712705896,1.0172422494336877,-0.37020153838758485,-0.2605278595499734
0.1528028599020625,1.0172483651228459,-0.3742148885937264,-0.2778541382055469
0.342222260427659,0.5822207202290252,-0.3839716626236248,-0.41480345909327165
0.1528028599244464,1.0172483651055293,-0.37421488174331513,-0.2778541056580702
0.15280285988687875,1.0172483651351578,-0.37421489319787676,-0.27785416040339994
0.15285058291387896,1.0173485982391097,-0.3502267913120263,-0.23529243889228155
0.15281370041564127,1.0172413068495385,-0.3708669015065859,-0.26249818165070316
0.15280285989360867,1.0172483651298134,-0.3742148911496557,-0.2778541505913331
0.09416235362037521,1.3566753517744068,-0.30739432604411127,-0.19240306618539763
0.09645810853811916,1.3624372414142532,-0.26114798900068026,-0.1306064264774755
0.09492044852154181,1.423863982313335,-0.1836315839585324,-0.08089675822603153
0.152803326365133,1.0172479489561075,-0.37407620779043943,-0.2771641743997323
0.0971620571222618,1.3615888657872077,-0.25271210138306244,-0.10347416313986767
0.09714706648024608,1.3615750155419426,-0.2530117865085143,-0.10408162201137144
0.1528206072645286,1.0172426061057303,-0.3683710190444298,-0.25401262691876
0.09613602820206817,1.3576916082366768,-0.28020626886349204,-0.13579722458504265
0.09562468024996743,1.358003821917855,-0.28615212706151105,-0.15426571993194094
0.15265542180813785,1.0179520489356177,-0.3179125010461812,-0.22378155147928264
0.09523273129043729,1.3583562470935957,-0.29006725882557316,-0.16762327982197947
0.1528028599026,1.0172483651227728,-0.3742148884030378,-0.2778541374936401
0.09492761180881637,1.3386464619214897,-0.35081242884853453,-0.18302156152400056
0.1528151321115147,1.01724051390159,-0.37042381284145404,-0.26051606387369863
0.15251903033193606,1.0175432273768363,-0.3128430325313138,-0.17405526011106012
0.15280285997950904,1.0172483650624364,-0.3742148649312251,-0.2778540254956931
0.09532101150168396,1.3580471010419986,-0.2898172827745411,-0.16349049260033305
0.15283843287545845,1.0182784778660032,-0.3148771839646325,-0.2655961889815796
0.1528584796784887,1.0173100292790438,-0.350603047585072,-0.2184468144031289
0.15281789209632096,1.0172408605758292,-0.36943816881757013,-0.25709102483744123
0.09619480390739488,1.35807987864925,-0.27846550014990396,-0.13524507003653302
0.15280611498951904,1.0172455737852069,-0.3732443678087373,-0.27307448418939223
0.10591446214475486,1.282564764494537,-0.3715957939809084,-0.15114971840064922
0.09676792375964857,1.3586324531930445,-0.2677782900941117,-0.11308240039876237
0.15280415737483616,1.0172472475576162,-0.3738269368654922,-0.275944953848119
0.09517395655224348,1.3602752927212405,-0.2846085983529631,-0.1653802247096355
0.15280285989565268,1.017248365128264,-0.3742148905229278,-0.277854147625559
0.09543653494927395,1.3581368930342888,-0.288160938977824,-0.16063439763532075
0.15283407578807365,1.0172584019800144,-0.362608476413082,-0.24010464248692742
0.09411451018123196,1.3567519023325685,-0.30772435710790846,-0.19396286034735727
0.09430325196538954,1.342863224975712,-0.2746843515892862,-0.055309186008488824
0.09376096639252163,1.348354771744123,-0.335950800073142,-0.1983312860195614
0.09477140672599768,1.3388282836125858,-0.3522289857406189,-0.18858579675251266
0.05220324804998625,1.0177722159137286,-0.1765677375841548,-0.1468377607419455
0.15282814718909077,1.0172425711085238,-0.3657961559969452,-0.24449393515005188
0.09565537942797613,1.3578733716973928,-0.2861117169767314,-0.1527030741228798
0.15280286000428656,1.0172483650426911,-0.3742148573902231,-0.2778539893390409
0.09626000967496715,1.3572788749003457,-0.27943808294841543,-0.1320492951912554
0.15280329262937717,1.017247976667387,-0.3740863978417938,-0.27721353790370873
0.09477142224883432,1.3388280791045057,-0.3522293448190256,-0.18858570778279676
0.15287782613538584,1.0174146257251457,-0.33615410353868935,-0.2097789430956187
0.09523273153923031,1.3583562458634655,-0.2900672388399847,-0.1676232150179446
0.09558310094858438,1.3580804155432986,-0.28647295155042785,-0.1559061514005297
0.15280285988697082,1.0172483651352984,-0.3742148931544311,-0.27785416031493587
0.1528028598813147,1.017248365139667,-0.3742148948874535,-0.27785416854304007
0.09416979362030707,1.3527877623047824,-0.3183428494295243,-0.18495029003110683
0.1529645848046022,1.0181888102522878,-0.31458885783898455,-0.18051145993461298
0.15286025797129674,1.017329801700062,-0.3484874301358438,-0.21950470159765145
0.1528039579504666,1.0172474163644174,-0.37388665009518446,-0.2762375005015327
0.09699425636314624,1.3569756125847443,-0.26894454253448297,-0.09642600908552076
0.15280285997675486,1.0172483650641102,-0.2742148658061776,-0.17785402939604886
0.15159722746695126,1.0368698447301514,-0.2954440087494454,-0.21831686827394545
0.12492210761385579,1.2010292040920696,-0.33503191925132747,-0.18600033450835404
0.1528028599149224,1.0172483651129676,-0.37421488465201735,-0.2778541195198058
0.15285641290756707,1.0172716774020778,-0.3542563701209333,-0.21442342583859025
0.0966863365658496,1.357211919901606,-0.2736391780056778,-0.11306451405572542
0.09543727306248727,1.3581908087873678,-0.28800368755953987,-0.16084731507792022
0.15283255760666914,1.0172540205476872,-0.36344884116210235,-0.2411769489286327
0.09600374994918752,1.3310804787035575,-0.36041269214349175,-0.17976274258205432
0.10599981820274287,1.2824906327185919,-0.37031993087774856,-0.1460256545223519
0.06189545737736295,1.4083275165990299,-0.17133679211833083,-0.01916447450975058
0.09664019865032418,1.3623994607184826,-0.24781713334678246,-0.08634163471105873
0.09606562410440304,1.358810267728425,-0.27816597253937114,-0.14117540062467196
0.08165331628602393,1.3219694392722046,-0.2758815560944482,-0.09043394762747378
0.1530301123533162,1.017477952809175,-0.3100474109669866,-0.13989429017991342
0.15280776297902354,1.0172448735420947,-0.3727066266131984,-0.2708163697249712
0.09761681230941262,1.3667249846456226,-0.19565428821076186,0.00676323068713015
0.052802859879357254,1.1172483651413758,-0.374214895471601,-0.1778541714227214
0.15280458289178137,1.0172468242865684,-0.37370415305244276,-0.27530739892161793
0.1528549794167327,1.017304507680899,-0.3521681643756752,-0.22196806729452767
0.10203866285624179,1.3032357053823937,-0.36135946115023754,-0.10070477853084321
0.09630940625128437,1.3580142824701782,-0.2768058053825541,-0.13014150855075513
0.15285958567273222,1.017329024644882,-0.3487663077415143,-0.2202414206799365
0.15280285994896906,1.0172483650857858,-0.3742148742967174,-0.27785406983902533
0.09540075656254052,1.3582738896255433,-0.2882288975537246,-0.16230516849181925
0.15284364882169782,1.0173035297329307,-0.3559843992604856,-0.23633127336783338
0.09576682713072741,1.3895408108423188,-0.19927921495088574,-0.12611364017079088
0.07425887198102699,1.3558863029136996,-0.2076076775445686,-0.10421744397635879
0.09561360852594473,1.3580251527507068,-0.28623541683996173,-0.1547084387189837
0.1528541589912249,1.017302380907294,-0.3526001725118173,-0.2226458228720236
0.09666327288071508,1.3573758560845097,-0.27340419347312417,-0.11482501200154578
0.09412171493200612,1.3443233708245512,-0.3435961113736725,-0.19351249981253135
0.15280285990975734,1.0172483651170112,-0.3742148862280431,-0.27785412703536694
0.15280285990174514,1.0172483651231032,-0.3742148886876355,-0.2778541386619182
0.1528045704549686,1.017246868191676,-0.37370550123354523,-0.27533284883718806
0.09587398179534169,1.3582230830731388,-0.282281583482958,-0.14692247671413544
0.15280285995163934,1.017248365083894,-0.3742148734676848,-0.2778540659953513
0.09379456780359792,1.3718877309053215,-0.153705286719716,0.04429946244672778
0.09396289122846477,1.355936118772068,-0.3117703319211742,-0.19621513394619375
0.1528036025339736,1.017247683246842,-0.3739955885142573,-0.27675173306576184
0.09403772039177598,1.3558324620663795,-0.3112125418695197,-0.19385035561728167
0.15280467421348914,1.0172469069181744,-0.3736655188308408,-0.2752081461965217
0.15280285989570186,1.0172483651278843,-0.37421489052998413,-0.27785414747551285
0.1528042097051573,1.0172471795667901,-0.3738129548760943,-0.27586306957078477
0.15280408362492987,1.0172473100382289,-0.3738490105635641,-0.27605314256947017
0.09891811834262415,1.3587140360002812,-0.1945762035831246,0.022223368482725585
0.15280719562097464,1.0172452116093065,-0.37288452848522163,-0.2716140655350358
0.15280491872844187,1.0172467459415244,-0.3735892395733746,-0.2748597891068214
0.09546231668507026,1.3581624854388317,-0.2877690001198402,-0.15996770929858722
0.15280398682355706,1.0172474047775397,-0.37387709126323426,-0.27619792616086897
0.09743323179515016,1.367704440519689,-0.22576994628994307,-0.07842184453537733
0.09551960756208717,1.3581347947230957,-0.2871263199792656,-0.15810097132505732
0.09707145819675392,1.3618613280354934,-0.24719848905484362,-0.08692824571191637
0.09661083407715537,1.3581985571033903,-0.27244527243270233,-0.11809490829523174
0.0953285328035966,1.3947596014510573,-0.117110604063388,-0.057438883848784754
0.15280285988108178,1.0172483651399196,-0.37421489495179117,-0.27785416889109976
0.09806315749683127,1.3201478251976801,-0.36718171568696983,-0.16751559729340404
0.11339506252537575,1.2484005638717186,-0.3586373122264138,-0.09555256428335131
0.09380435737467326,1.3548497653688063,-0.3166717792883307,-0.19863003983481345
0.09537202051485952,1.3582621623773314,-0.28861725839422253,-0.16311303742479133
0.15257979853476503,1.0175580281497398,-0.31451488394845134,-0.18048518430485602
0.10152392162935102,1.3030128452279033,-0.37020048249258647,-0.12344690768960197
0.15282777339725218,1.0172402695841156,-0.3660945777504644,-0.24450817479377115
0.15280285988560444,1.0172483651360906,-0.374214893590707,-0.27785416223807685
0.15280776890370068,1.0172444209863034,-0.372736882760129,-0.27071205963873474
0.09017507839640848,1.3815531275459214,-0.21865173363119014,-0.1159897248872206
0.10676316551413824,1.2808492698866838,-0.3586123902627692,-0.07313010105159427
0.09594030363873639,1.357747807903969,-0.2827150523878716,-0.14276739771979058
0.15281329829165924,1.017244986218277,-0.3707413983642159,-0.2637790688142599
0.1528727850806972,1.0173113050550044,-0.34595134885359835,-0.2004846340200624
0.15285924293922415,1.0172769538661812,-0.2527424493042927,-0.11101054558687028
0.09529752161687466,1.3583336691514036,-0.28933720763814497,-0.1656263903367464
0.1528052099728747,1.0172462962981468,-0.3735167941533409,-0.27438935086357447
0.09570955074077026,1.3578439826251667,-0.2854934107015424,-0.15084601776304826
0.09664694793071449,1.3632345592432467,-0.19586913046865456,0.031572618487345785
0.09289339562216302,1.4012217283897739,-0.24662825400723581,-0.11832111607981372
0.15280286000826665,1.017248365039868,-0.3742148561572818,-0.2778539836146404
0.151589600190522,1.0372944719370345,-0.31403822848002644,-0.26346168949210885
0.15280285988702297,1.0172483651348854,-0.3742148931669478,-0.2778541601614945
0.09545685075645953,1.3437173645338651,-0.3291615808031215,-0.15111671929609183
0.1528040045898465,1.0172473552650736,-0.3738742126962202,-0.2761643868970813
0.09865978553649918,1.35531319941111,-0.27511173549471835,-0.11284204535053392
0.1016759528019627,1.3047868675275458,-0.3645782678032482,-0.13809801012964232
0.09418970916523106,1.4034929086090187,-0.20346918049155666,-0.170058763849828
0.09479694358038335,1.3387960177680414,-0.3520043144457406,-0.18766998890912176
0.09730649430116531,1.3611991470143412,-0.2512327694296403,-0.09455631225045824
0.15289338038289105,1.0174305128207812,-0.3296531186493486,-0.1867644753560359
0.09461049931791096,1.3579569648965326,-0.2985962960152486,-0.18383772837109544
0.09650950394212453,1.3616485970287882,-0.2675022516574115,-0.1277586063178585
0.15281447877719137,1.017242545099333,-0.37050451308922827,-0.26176807970656646
0.09381856611987915,1.3548328230541296,-0.3165599026147131,-0.1981973626935201
0.09637147926166655,1.3868861779646016,-0.19349522336614708,-0.05697759010683885
0.15280285998906523,1.017248365054622,-0.3742148620374584,-0.2778540115076264
0.1528159194503973,1.0172434016115928,-0.3699388778536265,-0.260116534653792
0.15280285988149328,1.0172483651395243,-0.3742148948332682,-0.2778541682764671
0.152879824086624,1.0173345335928448,-0.34190619182568743,-0.19521668232421172
0.15280667915632856,1.017245750763124,-0.37303025904887677,-0.2723903969832467
0.15280467419119892,1.017246906934985,-0.373665525633784,-0.27520817841604817
0.09740162383745869,1.3623540033195607,-0.24498837152087757,-0.08470555176267901
0.0951575262626683,1.358368967029073,-0.2909459017273658,-0.16986460771481138
0.15223154832947927,1.1176887462183736,-0.18711976538771088,-0.14638660521775368
0.11318785851075623,1.2500791604613404,-0.3590367795269098,-0.14510935206819756
0.1528044981160888,1.0172468952241096,-0.3737295479352289,-0.2754314843042999
0.15280398681720886,1.0172474047828135,-0.373877093171701,-0.27619793545091686
0.09385709448024997,1.3562980660108241,-0.3117628135905652,-0.19828274591805256
0.09469933173305817,1.3469421384686964,-0.3283810478962943,-0.16388717285045767
0.09379918178131531,1.3548578266064173,-0.3167086176315,-0.19879827646441653
0.1529047082166653,1.0174372845066073,-0.3256424949071069,-0.17525146028418306
0.09410848879682618,1.4090581815398793,-0.18374384692306167,-0.07856239041850388
0.15286440364180898,1.0173593914352246,-0.3448328264232525,-0.21898493008077388
0.1529040019993101,1.0173639710072715,-0.3321361814109901,-0.16851007151398328
0.09497157337024566,1.3573809025593582,-0.29593770666621094,-0.17164894498564268
0.15280285990657919,1.1172483651196294,-0.27421488719247455,-0.1778541316995322
0.09527799730377438,1.427816961985128,-0.1628956528847174,-0.12724453109385186
0.10116356678388676,1.3047509191257705,-0.3723035396580927,-0.1588504140829916
0.15282000314206431,1.0172490137169625,-0.3681091943644986,-0.25608332724321947
0.09482337798625666,1.3387616649274197,-0.35177319070004626,-0.18670652512997932
0.15280477597500802,1.0172468462191586,-0.3736333184494309,-0.2750645144674702
0.15280399521542415,1.0172473979271992,-0.37387455991035345,-0.27618566916218834
0.09807590369484191,1.3583014112848277,-0.24151735050537676,-0.05986312083506078
0.09496817348056129,1.3386042300351575,-0.3504296497699962,-0.18159148801467156
0.15286286564651896,1.017385651667379,-0.3432884211521683,-0.22521594573763773
0.15286263367534034,1.0175334839538366,-0.3317536562040082,-0.24587557486552356
0.09442897956715583,1.3563903875305652,-0.3051387683492501,-0.18418885751580819
0.09565014083432126,1.3579415017199847,-0.28599516144082054,-0.15318125205026886
0.09657279253216641,1.5024939039830925,-0.15324784826900406,0.10924677850812592
0.152802213589514,1.0172483945572333,-0.27423653783516155,-0.177937626783063
0.0961502087379307,1.3614019585371555,-0.26454965207493414,-0.1274965539183785
0.15281971182336923,1.0172444031887582,-0.36854828068932066,-0.25551258598324844
0.1528037987810225,1.017247501739988,-0.3739378375637925,-0.27646035171099087
0.15280493425273373,1.0172466612243167,-0.37358968918032465,-0.2748215810660802
0.09749942393979663,1.3636134002279667,-0.22994052177560492,-0.05749190634481372
0.15280336498502506,1.0172478897864716,-0.37406648543513643,-0.2771017024614408
0.15280418690771036,1.0172472012256701,-0.3738196099144218,-0.2758970162018347
0.09532785567008394,1.3579102555123719,-0.2901356840102597,-0.16296990527536864
0.09764094732764889,1.3508463027465376,-0.28827869650442445,-0.1321762628222507
0.15284083428978693,1.0172937950108798,-0.3576662561530834,-0.23816759941265242
0.06117635579937778,1.4073998111318413,-0.24535580325620274,-0.09694023611427924
0.11305308627480117,1.2501674423207103,-0.3617539231740011,-0.15577011959697584
0.15280407584214617,1.017247253556523,-0.3738558100520213,-0.27605088883186635
0.095565261791158,1.3579417133581453,-0.2870751643385832,-0.15582901707074456
0.09804522117556923,1.3201678284311362,-0.3673815016970478,-0.1682872397280686
0.15280286000645588,1.0172483650412922,-0.3742148567087657,-0.27785398624961793
0.1528870182957649,1.0173771622314303,-0.3362710534347491,-0.1923865459088042
0.15280365742974883,1.0172476159558002,-0.37398059871629075,-0.2766666300499843
0.1528148261402039,1.017245472838619,-0.37017033676189065,-0.2619360451822654
0.0960291276929262,1.331049319157584,-0.36017003247312335,-0.17877227102959545
0.09558691880418729,1.3580231504776796,-0.28657992087886447,-0.15552720402466708
0.09643002386238375,1.3736362307659187,-0.2261033951467438,-0.12312008484039279
0.11306485049253326,1.2501566829180422,-0.3615377794772072,-0.15483411881153888
0.1528505260891121,1.0172659225394434,-0.35660140702011844,-0.22078211911625897
0.1529545441792745,1.0175254609115085,-0.31633266846769337,-0.17033222963060093
0.09479457799824773,1.35805412256937,-0.2961649237662085,-0.17901723075289502
0.15282888691102214,1.0172594013315206,-0.36428982153120293,-0.24687534222494661
0.09662432287619818,1.3795278411545253,-0.2068319940271181,-0.10116995607188467
0.09545005172974672,1.3582200219932548,-0.28776407771397006,-0.16058973031604395
0.09574955353809853,1.389568711882933,-0.19945798956193372,-0.12686324536355192
0.06649952790500432,1.391753228909251,-0.15706963969871193,-0.0347079372820617
0.09621949208419095,1.3604491260279865,-0.2687139680936231,-0.13196335270806417
0.15280285996824033,1.017248365070901,-0.37421486839798596,-0.2778540418235843
0.1528048453491289,1.0172466339294435,-0.37362350727848564,-0.27492967020539116
-0.002363175771461926,1.3706673021246982,-0.10962424963286091,0.031578736738740135
0.09616510922154864,1.3626538892213373,-0.26403463586782383,-0.13332079604842412
0.1528032926315761,1.0172479766658598,-0.37408639715888703,-0.2772135347511707
0.15280839529292994,1.0172443666603181,-0.372518069586383,-0.2699003090482425
0.09606222742282712,1.3577879964439465,-0.28095085186354846,-0.1386711834759037
0.15290118884645734,1.0181812611734924,-0.3087256560648848,-0.245662549057687
0.09715259241388935,1.359772228959083,-0.2582377457097162,-0.0981823281560078
0.15280285997263288,1.0172483650677293,-0.3742148670382978,-0.2778540354939427
0.15280285991935993,1.0172483651088753,-0.3742148833404773,-0.27785411292254075
0.1528049368165168,1.0172466590809017,-0.373588922145421,-0.2748178309256421
0.15293876517227747,1.017796038843474,-0.3218740698541306,-0.17442761393089448
0.09758395863354387,1.3881712719374903,-0.2616941511968101,-0.13602701164349623
0.15280356334141532,1.01724771596884,-0.37400737697503633,-0.2768091702847055
0.09576220985009885,1.357928855562273,-0.2845801456013396,-0.1495265364377112
0.12491070463298529,1.2010389521081761,-0.3353774695025965,-0.18756124299284274
0.15236519345972027,1.0179188564709674,-0.2874399393989761,-0.2531824188129976
0.15280659679432354,1.0172457895023932,-0.373056897197339,-0.2725041224888795
0.15283271786717506,1.0172438115304097,-0.36416253689337785,-0.23899350438075517
0.10633790498180504,1.2823847688201615,-0.36456871157780224,-0.12679758236190367
0.15285505983591224,1.0173863026424759,-0.34583423689885584,-0.23571714966691087
0.09838946454216313,1.318602628138224,-0.3657465386088829,-0.14075346487079748
0.047603817502311435,1.3480183855430914,-0.23991211082214448,-0.17042082057055963
0.05229630984179793,1.0176109054855047,-0.20018327038829917,-0.15298702540792453
0.15281594562774353,1.0172409792844537,-0.37010620426581087,-0.2595812776695231
0.15281631103422227,1.0172462071608275,-0.3695979270026991,-0.2601997413550777
0.15280714798458855,1.0172451392140536,-0.3729066768510764,-0.27165947644244176
0.09734043515905089,1.358645989488385,-0.20732104332223844,-0.05338925912067349
0.15280285997235366,1.0172483650677326,-0.37421486713831686,-0.2778540358439327
0.15280285989056389,1.0172483651320396,-0.3742148920875667,-0.27785415497676463
0.15280285989802583,1.017248365126125,-0.37421488981589673,-0.2778541441038867
0.11395458491517713,1.2489567620165276,-0.34099372899468644,-0.04681847981652666
0.15284600343239552,1.017322964014452,-0.35371757599476944,-0.23678377098305434
0.15280993828766284,1.017243088318137,-0.3720627819591303,-0.2676597883494032
0.09703826968649383,1.3585309130606347,-0.25210497039960417,-0.09068840878436185
0.05280421953267672,1.0172472077133763,-0.2738074290710498,-0.2758565563316818
0.04748144954265992,1.3558450833216473,-0.19709750622102784,-0.048628613651415305
0.09700130380731534,1.358245032399199,-0.2655597484956644,-0.10313307065700265
0.1528098167371879,1.0172445339397953,-0.37200190819410417,-0.26812136185646046
0.09763843610113669,1.3572882014683847,-0.2566621802326302,-0.07547241421981693
0.1528028599712675,1.0172483650687278,-0.3742148674624288,-0.27785403746223236
0.09388355721358439,1.3527002333293932,-0.3217438586861536,-0.19176783809233813
0.15280709778860926,1.0172451694557,-0.3729224104529902,-0.27173015161404296
0.15281467840649712,1.017245409885978,-0.37022663461906735,-0.2621109067270278
0.09639953148913996,1.3296192901070674,-0.3583948859197649,-0.15504208878874348
0.15308220459770341,1.019814215427868,-0.2439671140155162,-0.1353063779633901
0.09580301858474785,1.4227658640363043,-0.17660363909620064,-0.11433606427435325
0.15280285988506798,1.1172483651366152,-0.2742148937486436,-0.27785416304664806
0.10116968097605053,1.304741588073828,-0.37222527231452773,-0.1585096079829851
0.10152361643382615,1.3030116626399024,-0.37020144965661894,-0.12344616062102705
0.15280286001090415,1.0172483650374504,-0.3742148553760761,-0.2778539796966439
0.15280285989337256,1.0172483651300015,-0.37421489122073065,-0.27785415093662813
0.09475989556350561,1.358118359861256,-0.2963922216656174,-0.18023268370478407
0.15284438607778064,1.017255863018209,-0.359378088323432,-0.22664511071696922
0.09343743965520329,1.4125497315914084,-0.23992396483149872,-0.19112781246023927
0.15284741650557956,1.0172879661870917,-0.355920883317361,-0.22868583597978503
0.15285694123191695,1.0172720187137905,-0.3540604903758126,-0.2138212531435783
0.09500949982338022,1.3579380402935242,-0.293927560383767,-0.1723915061037939
0.15283724743635332,1.0172798515677959,-0.3599256768215267,-0.24015943508467752
0.09555574069858573,1.3581122779711254,-0.28673238108438864,-0.1568931850489843
0.1528171303087558,1.0172456287113993,-0.36935451107241996,-0.25903909811618875
0.09458221268154977,1.3573619803078056,-0.3005859280348694,-0.1824484130147837
0.09463218820270124,1.35108485323679,-0.3181332984690763,-0.1736414608474945
0.09652438682096516,1.3568416281289732,-0.27658098866395253,-0.11869892275104593
0.09499146605297128,1.358298615053914,-0.2931389569447977,-0.17435396486579885
0.09529752752377244,1.358333665309111,-0.2893371688986222,-0.16562625769946723
0.15280982455404457,1.017244174568327,-0.3720249612546773,-0.26803517166874585
0.09489456780605983,1.3581448432509244,-0.2947214879302317,-0.17648869321428545
0.0966277285937171,1.379509011097179,-0.20681179412846762,-0.10073035632026076
0.09678703146651779,1.38066051667216,-0.1985866331632627,-0.09267429258445545
0.09550508326016385,1.3564789648086284,-0.29182663921513213,-0.15253833673947526
0.152820760909971,1.0172400353440036,-0.3685072197101787,-0.2532950958222557
0.15306543093692573,1.017737052627824,-0.2857027142080317,-0.1695120133636605
0.15280877910288226,1.0172440521009003,-0.37240432660960815,-0.2693432275685915
0.09773546537368633,1.367144830533688,-0.21033145823182034,-0.024449719157169914
0.09426210477178454,1.357351481309109,-0.30433430340646234,-0.1915620692593933
0.1528137769055508,1.017243664414875,-0.3706691664170352,-0.26289368845186534
0.15280381169975732,1.0172475110401458,-0.37393253273925375,-0.2764457839058745
0.1528042194685248,1.0172472077643588,-0.3738074485033921,-0.2758566496966045
0.15280374294156535,1.0172475710129474,-0.3739530171390381,-0.2765470763655039
0.15284919576729,1.0172610947792484,-0.35740622270156863,-0.2215773837743427
0.09695129388002113,1.359026292055761,-0.26666926690811915,-0.11244107246989958
0.09473242331791136,1.3883934530717337,-0.21866998609716734,-0.15883703982188122
0.15285495680204006,1.0172649433512653,-0.35524816985267904,-0.21505833738772537
0.1528028598867413,1.0172483651349604,-0.3742148932603728,-0.277854160531985
0.09600347909293838,1.3310790439355509,-0.36041533378816093,-0.17976253319868835
0.09550508309995732,1.3581795634550522,-0.2871864309970902,-0.15874353056066068
0.09919234353703031,1.3187647762063446,-0.35372516114529845,-0.10901304841458319
0.15280740662872844,1.0172450913978273,-0.37281793098384597,-0.27131850345082786
0.09647801303770678,1.358090931514812,-0.27419076297897366,-0.12441978709428682
0.09547583117410886,1.3582098916824585,-0.2874698389724093,-0.15976588700703945
0.15280435559016392,1.1172470430910684,-0.27377023198198913,-0.17564632906866665
0.09701860383581623,1.3307683341119427,-0.34822275785874446,-0.1445924047255491
0.0957055005213436,1.3578375938831402,-0.28556282270334526,-0.15094534165213658
0.0960030821509421,1.3310794088641151,-0.3604146311155703,-0.1797623234048496
0.15287773970110524,1.0173307375191745,-0.34285718182475244,-0.19727908282100984
0.1528028599906956,1.0172483650533237,-0.37421486154269834,-0.27785400913350705
0.15280514012828111,1.0172463927137454,-0.3735349679164089,-0.27449967794618935
0.15287516359739023,1.0173144213380045,-0.3449610539731477,-0.19797827547602004
0.15280446621277277,1.0172470497633952,-0.3737300384701668,-0.27550585447103015
0.15280285989139586,1.0172483651314297,-0.3742148918324173,-0.27785415378551975
0.15280637688987117,1.0172453775984553,-0.37316478232347366,-0.272697087866092
0.15280400273036907,1.0172473405656979,-0.3738759225494386,-0.27616358664690266
0.094352700512146,1.3570480140060615,-0.30412440544336933,-0.18785788452869032
0.10592382556965937,1.2825495100499709,-0.3714271618464793,-0.1504340549769531
0.15280630760126196,1.0172455200464885,-0.37317937773443993,-0.2728163797717029
0.15280285989058032,1.0172483651320245,-0.37421489208330266,-0.27785415496017035
0.15283787203278565,1.0172934415180415,-0.3586908904683879,-0.24191079101582114
0.09602961487536828,1.3574111543616958,-0.28239234855978185,-0.13808649509188597
0.1528037403063715,1.0172475801201408,-0.37395332025174227,-0.276552436325711
0.09568583846929747,1.357895111001713,-0.28566205434050695,-0.1518403303047655
0.09601309362484566,1.3575995987427858,-0.28211987899529245,-0.13954998873553753
0.1528472938444298,1.017287563895644,-0.3559921556662589,-0.22876940954258534
0.0963611333542737,1.3296628105545236,-0.3587988635610201,-0.15668622222951728
0.1528028600966586,1.017248365505392,-0.3742147913970048,-0.2778539713550759
0.15280218394461764,1.0172483961632734,-0.27423704881828237,-0.177937403385121
0.15251831834000568,1.0174913557191525,-0.3103783558908554,-0.1483499385860583
0.09638892675284823,1.3573473330640344,-0.27749589477710396,-0.12464388133988206
0.1523425026735451,1.017588555557171,-0.30435527209669644,-0.15693742119236156
0.07364099975889696,1.3551693393853816,-0.21626348873517698,-0.06221814442563849
0.15280285991174614,1.0172483651152613,-0.37421488563639504,-0.2778541241015615
0.15286554275052575,1.0172701690098216,-0.35148075120640965,-0.20276466379485455
0.05280374294328342,1.0172475710114666,-0.2739530166253683,-0.27654707384309574
0.09393017302463062,1.3543732591091555,-0.31649029132662404,-0.19307933559670726
0.09587546903570465,1.3573159685852676,-0.28472985867299516,-0.14309244302753416
0.09577360241256061,1.3577469957957642,-0.28492118115203974,-0.14832794526933943
0.1528083540942482,1.0172451146563277,-0.27247914437258614,-0.1701124522966647
0.15280285984448871,1.0172483651730118,-0.3742149058082464,-0.27785422313092345
0.0937711821419953,1.3483430035868038,-0.3358657390826047,-0.19800662644021547
0.1528028599075172,1.01724836511887,-0.3742148869068403,-0.27785413032692496
0.09685228235996349,1.3736257774197718,-0.19816919844286562,-0.05472071476295801
0.15282864754130404,1.017238209387899,-0.3659527918035379,-0.24300268742422867
0.09507068577413244,1.3583662375630923,-0.29200155833249053,-0.17235857185206613
0.09557826421132515,1.358075972061726,-0.2865463025599093,-0.15603530046507383
0.09600369403973913,1.4310805381234464,-0.26041288745155344,-0.17976304497558773
0.15282320094666477,1.0172429964030945,-0.3674503475372893,-0.25081366730975707
0.1528041236490687,1.0172472829843846,-0.37383654459611726,-0.27599591232624543
0.15297457328870034,1.0181678835864791,-0.3122271492110782,-0.17250716568048338
0.09670363248647541,1.3561086811064356,-0.2787055792925843,-0.11260319071216739
0.08544905293992971,1.380885963349126,-0.24731856774564176,-0.13636424038397232
0.09803828204460657,1.3681800081755708,-0.26397687272252374,-0.08403280247310252
0.094219117323229,1.344227832588347,-0.3427173399102295,-0.19036483670314638
0.09667405210003607,1.4638517505492512,-0.25334503993537527,-0.01888786369367708
0.09862625499382123,1.361407969133339,-0.19465908354133593,-0.0031721278920442326
0.15282157757316456,1.0172497816435473,-0.36750839957120685,-0.254239811792701
0.09381016491746091,1.3548400566873195,-0.3166336241138883,-0.19844022182607438
0.1529691706646552,1.0185486504532892,-0.3065133060459211,-0.22368049986182206
0.1528068396539481,1.0172451663172386,-0.3730146833895351,-0.272059643114648
0.10728936175965263,1.2839428513323097,-0.34175850610192837,-0.08369424532118927
0.09686973732665195,1.356176110205194,-0.27278649543860356,-0.09773763882669649
0.09587132558992148,1.3563935734523567,-0.28730539670872485,-0.1403935964373643
0.09511750498917956,1.3576474536235121,-0.29344197926586923,-0.1681633056714854
0.09809283574627303,1.357875787123877,-0.24283974364605873,-0.05953782438385904
0.15281925675288344,1.01724305749496,-0.36880444507250193,-0.2558139771474851
0.09411964463140915,1.3567435879714158,-0.30768921171764635,-0.1937953149543813
0.15280806155160734,1.0172447616278613,-0.3726084174002352,-0.2704109138012493
0.09718658488772393,1.3512505826964412,-0.26274214085718833,-0.0947858061950583
0.15283802254931003,1.0172427895407277,-0.3624724398633655,-0.2321532067115488
0.09589441677630693,1.3574192560265526,-0.284190807882462,-0.14274115211590369
0.15280541159828176,1.0172463058077241,-0.37344390069143935,-0.2741330248522903
0.09678338864765781,1.3593031638296977,-0.26699606067744514,-0.11600252110813526
0.09570277179855928,1.3579552416675815,-0.2852814754185419,-0.15157766570443965
0.15241119330275515,1.1186855732774381,-0.19784220729051308,-0.2335529770562563
0.15286143107676017,1.0175299329400154,-0.3325297376740152,-0.24810718368346363
0.15303739624527557,1.018547641139937,-0.3012717598804537,-0.17643708825376866
0.15280285996634485,1.017248365072379,-0.3742148689790421,-0.2778540445844412
0.1066505319442814,1.2808092081567573,-0.3612002471523395,-0.08111224884247778
0.1531423050543081,1.0191408869263763,-0.28189113166933133,-0.11699712440575713
0.09605479518668857,1.3576391618830388,-0.28145579010859234,-0.13832098011252228
0.09838975048998425,1.3186040476866046,-0.3657448251202514,-0.14075438632192616
0.09632904540022195,1.4571894543131918,-0.17883705382591017,-0.12671515972928113
0.15282186047356186,1.0172459740792963,-0.3676911948911149,-0.2531102918533297
0.09517369906492812,1.3577568468256784,-0.29238191351436565,-0.1665969198708373
0.15290243593261094,1.017399840188475,-0.32944032371722487,-0.1705467303950775
0.09535318896517694,1.3583052270346727,-0.28873095735517035,-0.16385830663311174
0.09547414224730627,1.3578602939979727,-0.2884448635979305,-0.1582741653820562
0.09414643696507692,1.3442897723572913,-0.3433958647496498,-0.19265648897343815
0.15280285992376985,1.017248365105981,-0.374214881955981,-0.2778541066267276
0.15280285989060075,1.0172483651320139,-0.3742148920783128,-0.2778541549332658
0.1528052012232831,1.0172463404584193,-0.3735167905107135,-0.27441009539757016
0.10126153730212763,1.3046671291796765,-0.37105222869195303,-0.15412316569959275
0.15280925389892908,1.0172448957536449,-0.37217538133767225,-0.2689165648076819
0.1528043555712055,1.0172470431062455,-0.37377023771194234,-0.27564635667593695
0.09547583715886711,1.3582098881225058,-0.28746979802787637,-0.15976574853889217
0.15281165539413166,1.0172437929747575,-0.37140570509024273,-0.26562075993720213
0.15286998811929103,1.0173069477651724,-0.3471741783812869,-0.20331277097808576
0.09813932670627941,1.3200751625172171,-0.36633779223462326,-0.16430013978186767
0.09674656676608162,1.3585306878122345,-0.27083242806577457,-0.11458841972985036
0.09526778848302991,1.3582796106498158,-0.2898518330307138,-0.16627478984535088
0.09551317927536931,1.358158735230023,-0.28714176303766076,-0.15840425440196354
0.15280285989896986,1.017248365125508,-0.3742148895191096,-0.2778541427598604
0.09583814573737118,1.414027479849317,-0.12853565561700914,-0.05831665341290495
0.15280811686994072,1.0172445361985474,-0.3726048812880237,-0.2702921107458256
0.09608793960042904,1.4575485577299054,-0.18124352353795928,-0.1367642992918795
0.09477137599446248,1.3388278970288776,-0.35222989032930774,-0.18858588686784522
0.09448250512552113,1.4818792539470107,0.011994608202640153,0.03450502495044633
0.047543411273595085,1.3622467657778357,-0.15475125004181348,-0.06654960578113517
0.10625285544879584,1.280755761186477,-0.369350842638021,-0.1067862223556404
0.0968919100486196,1.3464654203753992,-0.2859537242664295,-0.06832887799979268
0.15287837052991265,1.017327144568159,-0.3429483692311275,-0.19592030043296105
0.1528028599825273,1.017248365059506,-0.37421486405149,-0.2778540209764992
-0.004535498146723595,1.4579746221009915,-0.2882556941251688,-0.05907900139754693
0.10216157230964062,1.304568692029075,-0.3571847755366186,-0.11267038527858766
0.09477626179138339,1.358007660923698,-0.29650571732830244,-0.17931198910816307
0.11518809232961061,1.2553279460051854,-0.2439657563736763,0.0037763304122572284
0.09566068942270885,1.371009870705751,-0.2472969249119412,-0.14863387317043616
0.15300965011306594,1.0188965033419657,-0.29159626499915553,-0.2162466080212173
0.09736127290819488,1.3586431857688006,-0.20697972681668866,-0.05244502199574583
0.09852520196520269,1.3593544474325578,-0.20762819940495916,-0.018700058915492954
0.15281389933708514,1.0172408633061867,-0.37082940165327916,-0.2621529201047086
0.09618715732481321,1.3571994000678604,-0.280753493481073,-0.1313455051567297
0.09623419197927563,1.3615846339380244,-0.2625811052787363,-0.12431453217411025
0.09803605948561912,1.3201778911145199,-0.36747750873828405,-0.16867788119912963
0.09547569002126186,1.3736460465895752,-0.24345481427689608,-0.11478144523578086
0.09561498279471461,1.3579979443293348,-0.2862915058566734,-0.1545404755309675
0.15216215012918344,1.0194031001080361,-0.27029791602518405,-0.1315271101386042
0.09513105772471779,1.3385668578065664,-0.34859572294158736,-0.17672029204356643
0.15235486955290045,1.0176146609250936,-0.3038774492361767,-0.16837897102713986
0.09519245447049882,1.3583012470367153,-0.2907110341705048,-0.16857256387945185
0.09472309059768108,1.3438523082308707,-0.33775502317898987,-0.17416270179448937
0.15280408941040433,1.0172472700565403,-0.3738497646878383,-0.2760370517683785
0.09538067326740411,1.358081949608124,-0.28900650437155606,-0.16208006467182517
0.09555986877869843,1.3578624630124079,-0.28735780818050594,-0.15563759820820516
-0.003996308337421052,1.3310798886704056,-0.2604139299019673,-0.1797628254685868
0.15285232416197989,1.0172913376295127,-0.35405231438341156,-0.2230449732333085
0.1528028598860586,1.117248365135702,-0.2742148934556302,-0.17785416157746828
0.09545701307124596,1.358301017767132,-0.2873684999081432,-0.16018052631165333
0.09594026312407264,1.3576985422927152,-0.2828375589392425,-0.14250728884396138
0.09549680848679926,1.4021276787353825,-0.18590007621895518,-0.0765715028797671
0.15295463536611056,1.0175555709206874,-0.31479013416898305,-0.17994748501918745
0.1528231298612116,1.017241569376194,-0.3675802143982854,-0.25061568170728604
0.152823170562052,1.0172505753068082,-0.36690100060047093,-0.2523782657257592
0.15281345734024576,1.017245455917424,-0.37065152919117555,-0.2636747912003632
0.15286471416306371,1.0173813211594613,-0.3430188287923232,-0.22208008594068854
0.09482051558017249,1.3387674631653157,-0.35179524239440096,-0.18682525736159636
0.15280821220985855,1.0172443101197426,-0.3725871744605604,-0.27012207350881656
0.09629715250475601,1.357392770568339,-0.2787209356962348,-0.1282864614439463
0.1529018398466766,1.017426609705407,-0.32741158846849866,-0.17772458713341988
0.09497672680495445,1.3429854470730798,-0.3365123646808288,-0.1602428519772962
0.15280998780871755,1.0172447848226922,-0.37192331254702365,-0.26795626460235344
0.15280380190505558,1.0172474903694113,-0.37393751918366713,-0.27645387380543085
0.1528028598998117,1.0172483651244848,-0.3742148892863257,-0.2778541414511143
0.09693561669846884,1.356983621593488,-0.27003835166704604,-0.10116478957071263
0.09541306518213528,1.3582443357194804,-0.2881576570248783,-0.1618085348561866
0.1528028599051466,1.0172483651204154,-0.37421488765150657,-0.2778541337063511
0.09514174281471816,1.3582319803051812,-0.2915194581413419,-0.16976607029089025
0.09591528525253663,1.3578512493067432,-0.2827735645737491,-0.14413242841298196
0.15286584670655545,1.0175031567777133,-0.33317999039044865,-0.23891437659150438
0.1528037533156509,1.0172475844976747,-0.37394833069588296,-0.27653668288589506
0.05637059051579582,1.4196761907424318,-0.21244866055730136,-0.07281834731051502
0.09406442067543833,1.3474077380538592,-0.3347255148939895,-0.18465448899535353
0.1528131200860356,1.0172439064733216,-0.3708821508195421,-0.26377987316784735
0.09545609357992656,1.424967067457895,-0.17527735776756498,-0.13385749539408284
0.15281103460305695,1.0172424795197001,-0.3717193167655995,-0.2661343198231052
0.15280930186938177,1.017244147818535,-0.37221204527549023,-0.26869638017156566
0.09547168899757486,1.358171746925299,-0.2876263188227156,-0.1597233390861575
0.09637140893418017,1.361905275515233,-0.2641142316475961,-0.13254675594142157
0.15287755726418994,1.017458573573626,-0.33270590947382167,-0.21608429809119276
0.15297088885565252,1.0175543679736823,-0.3126133201082808,-0.17302847732350285
0.1528058577507353,1.0172459945572327,-0.373306375097552,-0.27349441069962205
0.09798958359860101,1.3314600785871413,-0.33331352142260295,-0.11392029116643651
0.09694379946392276,1.3583758323330677,-0.26602374678367685,-0.10516374775498281
0.12509987050867488,1.2010215080770057,-0.3289560776548466,-0.16561102869447075
0.0942814701366518,1.3573169667604912,-0.30421035828267495,-0.19091510000660242
0.09451270903346533,1.355462005985637,-0.30680645887096253,-0.17971662029336424
0.09563153123136715,1.3582026874554713,-0.28546584733692415,-0.15456982494065133
0.08440723508645655,1.3800772058488426,-0.26484887253234074,-0.1668629557651489
0.1241780458752237,1.1975645407085234,-0.37250077280440314,-0.11290545006225262
0.15285277571494738,1.017306047922539,-0.35276900793494,-0.2250550420372774
0.09558309497075057,1.3580804247477616,-0.2864729943635746,-0.15590635801592612
0.09391724609501476,1.3560086571838348,-0.31208374664096444,-0.19768997176413075
0.09616241191932935,1.3587700123048505,-0.2767876755868751,-0.13850091084237082
0.152881783150288,1.0173229036792322,-0.3422343936499354,-0.19094823624712368
0.15280285997022344,1.0172483650694792,-0.3742148677832682,-0.2778540389683517
0.09802283173275388,1.3201934703421685,-0.3676188230453499,-0.16925131175869151
0.15280691863869283,1.0172451256674908,-0.372989413180054,-0.2719498951524722
0.09511644124066466,1.3586224320848803,-0.28908487361807034,-0.16321200060666555
0.09413346479540366,1.344308169377959,-0.3434997781069556,-0.19311035717115538
0.15280365552894695,1.0172476387457314,-0.3739796693852718,-0.27667401838558375
0.09725767350089189,1.3653784849368855,-0.23827024916944106,-0.0970724256165938
0.057733648188583286,1.3094350321701909,-0.2779866090462809,-0.026924364230499636
0.09540602919336463,1.3585884038795526,-0.23193640076039881,-0.04692076206808876
0.09595844305984169,1.3628531195442275,-0.2663013044131889,-0.1411247909136787
0.15286318464557977,1.017329838052137,-0.3475378992059266,-0.2157418838055333
0.10116255542587817,1.304747866121829,-0.37230622883599473,-0.15884932863668108
0.15280985944322273,1.0172432306667625,-0.3720804456552488,-0.2677904844007633
0.09456013544547634,1.349943072290722,-0.3215454710547312,-0.16842377437546838
0.08674580766672302,1.3550797139473767,-0.22558901383720145,-0.05092839037795148
0.15280506017806927,1.0172464279475202,-0.3735611165861514,-0.2746097621149549
0.152817970025472,1.0172390728295033,-0.3695419930017959,-0.25662453830504245
0.1528028599155076,1.017248365112121,-0.37421488450134516,-0.2778541185860711
0.1528121511364834,1.0172438774006018,-0.3712249849102853,-0.265007178121825
0.15280765729301557,1.01724534465463,-0.3727105632995266,-0.271052190538819
0.15280411341652325,1.0172472847694558,-0.3738400951360846,-0.2760094313690367
0.052802859882099346,1.0172483651391027,-0.2742148946431291,-0.2778541674041936
0.15283476108598562,1.0172433647036931,-0.3635127768136331,-0.23634471930083314
0.09554464528481454,1.354228032498741,-0.2972877587650844,-0.14439097460694642
0.15281305047486865,1.0172419831500197,-0.3710458233257794,-0.2634654732309196
0.15280285988223372,1.01724836513899,-0.37421489460298185,-0.27785416720713974
0.09535092233291309,1.3564060205057498,-0.29389045890951276,-0.15590790938232912
0.1528809813914172,1.0174554962292115,-0.3319325485303955,-0.21158583534385406
0.15280285997216944,1.0172483650680377,-0.3742148671823558,-0.2778540361490548
0.09559363121679863,1.3580546355522147,-0.2864093895363935,-0.15546312614658125
0.15282227947669363,1.0172409025831342,-0.36792115051598834,-0.2515541050048374
0.12497638145079427,1.2009857711221619,-0.3331801435600108,-0.1780518624666503
0.09698381636557198,1.3582295506400954,-0.2670467659181389,-0.10428273389764445
0.09619056341686297,1.363943012971064,-0.27065849514883267,-0.1486447855958134
0.0956092507082299,1.3578335952968767,-0.2868198406214929,-0.1540840525776761
0.09311263333286209,1.3218804505193418,-0.30496152898597656,-0.12319078774353676
0.09706397531688525,1.3603708326449173,-0.2582768713678253,-0.1064827023848708
0.09686864224847296,1.3792552186528848,-0.20270111703006324,-0.08700369200792932
0.15283041908285444,1.0172532010572257,-0.36423242935326106,-0.24371932127939627
0.09445834207231268,1.3647220818397008,-0.26643068720846314,-0.1460857291384535
0.09719423087777412,1.3584835765887644,-0.26366659095492073,-0.09926634961560055
0.1528028599856351,1.0172483650569868,-0.3742148631085442,-0.2778540164373228
0.09707459595843843,1.358735186116428,-0.26359592806459275,-0.1027154366090773
0.15281274880166051,1.0172418434325794,-0.37116186010828894,-0.26381963421322696
0.15280370289096884,1.017247626233286,-0.3739635152722816,-0.2766104862130798
0.09458657854737289,1.358002286334016,-0.29874662619205666,-0.18466574617412845
0.09596299100668974,1.3628527382440794,-0.2662410526701683,-0.140976660974914
0.09654417684451866,1.3615192003485423,-0.26285227736622346,-0.12906637294287282
0.15282205840608018,1.0172407067001699,-0.36801151509499036,-0.25179345475129333
0.1528225039572093,1.0172512275614367,-0.3670824213740454,-0.253355745351069
0.09569048656979588,1.359601600773682,-0.2803777303093185,-0.1541283370709597
0.11341590966015776,1.2483901775553183,-0.35821258095394504,-0.09371884170046225
0.15280286001885773,1.017248365031877,-0.3742148529023609,-0.27785396825978287
0.09400722861213744,1.3474784386262808,-0.33521058240052554,-0.1866096083407069
0.1528051724337256,1.0172464152705796,-0.3735217892653382,-0.2744631414446815
0.15281427705167455,1.01724242258871,-0.37058400887288323,-0.261998781090283
0.1528028599097881,1.0172483651169442,-0.37421488622456844,-0.2778541269869035
0.1528193396040753,1.1172442418047868,-0.36868892071656295,-0.15595126251293692
0.15280319034886086,1.0172480334659615,-0.37411922436793094,-0.27735729569633255
0.15285602967433476,1.017274653480145,-0.3541473558889877,-0.2154266332272502
0.15284413539326536,1.017254913487458,-0.3595330654674865,-0.226783321339417
0.15280285989132913,1.0172483651314395,-0.3742148918544946,-0.2778541538683481
0.09672033301744774,1.356711306253004,-0.2741144448735203,-0.10825137257835815
0.08700943255036996,1.354968288377476,-0.21806828652125285,-0.025975555426468202
0.152956214505188,1.0182664079721753,-0.31010953002521974,-0.20895417099508884
0.09550933596996422,1.3581687049298075,-0.2871627643009561,-0.15856577292837498
0.09608734363503015,1.3575284293178769,-0.28130718254480896,-0.13668874587362145
0.0953620990896454,1.35826600870977,-0.2887291503841959,-0.16342382129183322
0.09476226112939877,1.3518103424035086,-0.3146561485914466,-0.17144910438802677
0.1528028599223945,1.017248365106807,-0.374214882395599,-0.27785410857806064
0.046882654391788244,1.3564260184725643,-0.20628053879938132,-0.1551809083698863
0.15280380192506227,1.0172474903544158,-0.3739375130511288,-0.27645384486935753
0.09637886833049174,1.360046535643677,-0.27129128527905644,-0.13118874799952254
0.1529295560956235,1.0175729612204474,-0.31845758554039644,-0.2060074507948514
0.0963700173480994,1.3576955952184078,-0.2768766812386537,-0.1271665007024539
0.15280301316558165,1.0172481883290037,-0.3741721257169489,-0.2776186656344686
0.09548567110568591,1.3581861767621006,-0.2874117360825372,-0.15936294265663703
0.15290256353272458,1.0174283478347375,-0.32869499643063554,-0.18525804087011835
0.0952228750083382,1.3573583306510137,-0.2929650733597256,-0.16409834384186145
0.1528769963303774,1.017397659728546,-0.3377629117682443,-0.2083810848733844
0.09640384087995144,1.3600348383676644,-0.2702226512085218,-0.13345886940784524
0.0689066779146674,1.4244898445946752,-0.07832277473826053,0.06445936288107956
0.09485751020389956,1.358281202789582,-0.2947823750203067,-0.17809306636247116
0.15280453011097525,1.0172468977901945,-0.373717881359267,-0.2753910000129922
0.15280744575306715,1.0172447709614036,-0.37282689272977115,-0.27119990192498294
0.09407661349044054,1.344383107796792,-0.34396779994904286,-0.195051123005147
0.12504063387833445,1.2010056604409451,-0.3312605325389648,-0.1726500416578432
0.15288641297951824,1.0173325863585363,-0.34003658912766255,-0.18657177159930952
0.15281822018842356,1.0172483809924222,-0.36877427472695695,-0.25821999576557886
0.09516545606832452,1.3631167711116052,-0.20874480976661003,-0.02849297747895609
0.09697281253041348,1.3582489698065845,-0.2663884187003928,-0.10355662506804328
0.1529501580712035,1.0182535041014722,-0.3119188275155853,-0.2149394608089012
0.1528258167277717,1.0172393465561531,-0.3668276118252958,-0.24678458632517591
0.052804466195642615,1.1172470497775056,-0.3737300436201431,-0.17550587950399674
0.15280285996210374,1.0172483650757316,-0.37421487026927347,-0.2778540507643467
0.09384632731694624,1.3547884474453522,-0.31636972062976215,-0.19729417419525044
0.095588516103093,1.3579846317810216,-0.28666393997375905,-0.15530169509663838
0.15280285993876397,1.017248365093999,-0.37421487739262854,-0.27785408474031914
0.15280409241247778,1.0172472809935966,-0.3738479107702989,-0.276035569400021
0.15280285988690517,1.0172483651351443,-0.37421489318845363,-0.2778541603587869
0.15282211643976512,1.017240785399652,-0.36798577752969086,-0.25173614893224205
0.1528028598909544,1.0172483651317221,-0.3742148919726645,-0.2778541544175379
0.09530894167225618,1.3582852275655022,-0.28933111755230684,-0.1650823443341885
0.09385299931496444,1.3527447318673997,-0.3219751677838994,-0.1927838842593355
0.0984829809861545,1.3185154905769016,-0.36460014556044157,-0.13625052184925326
0.15280286002024013,1.0172483650308275,-0.3742148524794704,-0.2778539662584092
0.15286991094049268,1.017302734957595,-0.3475322166714119,-0.2027220834874937
0.07544396452921462,1.3842033574495147,-0.2920019854956973,-0.1625925660224898
0.09595127537172898,1.357382430671534,-0.28353068579265367,-0.14068021496649505
0.09591158535132568,1.3576053217104735,-0.2834766324925987,-0.14308384961179202
0.09672358770554713,1.3571504578020652,-0.27317552086231245,-0.1110509385111408
0.15281492590848184,1.0172428043778565,-0.37032929327177533,-0.26125415553103176
0.15280493598190736,1.0172466597634007,-0.3735891729252049,-0.2748190484318214
0.15281072024139658,1.0172427599818985,-0.371810051909147,-0.266593907448381
0.15302901331885865,1.0187019174207288,-0.2977565735124386,-0.17395988310742017
0.09567336775712972,1.3580475846698488,-0.28540201673859344,-0.1528655597964516
0.09397907350360171,1.4221446658073236,-0.2039572279135973,-0.1735407791937144
0.15285078828753373,1.0172644830367317,-0.35662776770825116,-0.22019410783103252
0.1528713824534808,1.0172900516287087,-0.3480790564841301,-0.1987967954772771
0.15242867902056384,1.0177770087584819,-0.299137952157324,-0.24054706677011267
0.15282326257972703,1.0172447345258766,-0.3673007380957585,-0.2510860037219097
0.09620433494931432,1.3572897572437157,-0.2803315490970705,-0.13179537154609325
0.0951575382221488,1.4583689657498484,-0.190945828432342,-0.06986441416564695
0.09818851902533943,1.3200283565637883,-0.3657862967888106,-0.16220114875017516
0.0935493948210395,1.3998679292092744,-0.22377334942985333,-0.1833577165600123
0.15280474898858695,1.017246720110141,-0.3736519509465033,-0.2750718577805779
0.15297178697999617,1.0176933713318108,-0.30841581882118285,-0.23019824728313498
0.1528028600260902,1.0172483650254578,-0.3742148507491898,-0.27785395757446935
0.15280285989572445,1.0172483651278763,-0.37421489052322227,-0.2778541474453682
0.15283327155859286,1.0172554669695286,-0.3630997684122657,-0.24055517101608875
0.15280285990866674,1.0172483651177282,-0.3742148865720694,-0.2778541286002333
0.095451770335213,1.3582157952603275,-0.2877542797465968,-0.16051941053454205
0.09414842898442534,1.356697995318431,-0.30748987418199164,-0.19286015331699458
0.15282245284472934,1.0172532959521388,-0.36694767101403086,-0.2538377241046837
0.15280365556637085,1.0172476387149638,-0.37397965809735384,-0.2766739636470476
0.0962433697416683,1.3620058192780249,-0.26594381154104924,-0.12181539459697224
0.1528599005780345,1.017439415665558,-0.3401102257152477,-0.2376533970299904
0.09545341920825343,1.3582132847327646,-0.2877406035961558,-0.16045867344383316
0.15259934293371494,1.0175115083344908,-0.31771166890775543,-0.17329567896291476
0.15280286001760474,1.0172483650329922,-0.3742148532738819,-0.2778539701107255
0.15280285989978956,1.0172483651245106,-0.3742148892948231,-0.27785414149276705
0.060018753088117195,1.4078643981605443,-0.2595888235535899,-0.13554836406996923
0.15285111037231,1.017580265514081,-0.324170211980273,-0.2092109579306527
0.09564115740759341,1.3577601436582503,-0.28660631291626515,-0.1526941510555249
0.15240276660095534,1.0186780733147818,-0.2992750838180403,-0.23895500550812887
0.09637532987830197,1.3579129401491492,-0.27621886279454544,-0.12794967219704356
0.1528329240210736,1.0172537689394252,-0.36334436086290317,-0.24066560581431962
0.05280398682143805,1.1172474047792094,-0.37387709190747104,-0.1761979292479676
0.09523467478900295,1.3384094219621243,-0.3476949530688139,-0.17255982568699113
0.09544134779931886,1.3582416290333095,-0.28781317944802615,-0.16094662518909697
0.1528122139531057,1.0172451268273537,-0.371112630303291,-0.2651897396274117
0.09553347833252245,1.358141655901085,-0.286933077361442,-0.1577079229281798
0.15283734734909676,1.017272944278015,-0.36041321861565373,-0.2387281485471269
0.1528028599188575,1.0172483651091584,-0.3742148835020468,-0.27785411363093154
0.15286266560531894,1.0172876985678918,-0.35100695312565017,-0.20933968611549017
0.09469666491142033,1.37555370356845,-0.1939935471262466,-0.06132229939288298
0.15280285999947243,1.0172483650461996,-0.3742148588830044,-0.2778539963024306
0.15288888863383301,1.0173522347265265,-0.33767014014334135,-0.18621931833189553
0.09562452617067564,1.3579414566457577,-0.2863223761181406,-0.15398232823039892
0.15286190489629847,1.017284294568799,-0.35151602170592555,-0.2097163651252318
0.11347448773974783,1.2500879493240182,-0.3524800352632461,-0.12421011219334167
0.09585976167234998,1.3576992029319763,-0.2839165916913653,-0.1452731951856155
0.09439285424809861,1.355429672156265,-0.30825816120688715,-0.18272874983940474
0.15280493699371117,1.0172465923738905,-0.37359359596473246,-0.27480319187760605
0.15280285989576844,1.0172483651278315,-0.3742148905100663,-0.2778541473810097
0.15284396324399005,1.017254376979882,-0.35963063472792095,-0.22689947532260055
0.0938296209824816,1.354815208701414,-0.3164844654375714,-0.1978390378054745
0.1528038800756203,1.017247422626203,-0.3739142056950696,-0.27633882420502986
0.15280403779915228,1.0172473516515874,-0.37386253188364543,-0.27612097863238605
0.09509214215050253,1.3583223983535622,-0.2918660504119732,-0.17156541021385488
0.09465036803784847,1.4248322431919258,-0.18698688461753288,-0.160069854489981
0.09552985306695712,1.3581511895023812,-0.2869526808660792,-0.15786145598990067
0.09672049463217768,1.359472567755821,-0.26655416958335393,-0.11919969920559553
0.1528039868591216,1.0172474047497906,-0.37387708044549417,-0.27619787450066224
0.09565578900463244,1.3578942013430773,-0.2860498682215522,-0.15278205819588145
0.09463904425812547,1.3579142699440128,-0.29838454245267343,-0.18289435855352995
0.09511896534677315,1.4235402224956732,-0.18162893281212333,-0.07223980469502919
0.15284880455994157,1.0173101728024276,-0.2536207257017083,-0.13033716709991489
0.15282178300675126,1.0172401157070068,-0.3681497177416953,-0.25202122867268323
0.09637535936986635,1.3572023577012091,-0.2781258071910523,-0.12573898867073038
0.09560197942621114,1.3580317872552665,-0.2863652241918428,-0.15509916621980807
-0.0029425982166254618,1.3780214829228221,-0.09392875517363372,0.032064319773445954
0.09440397528313352,1.3569616004971121,-0.3037765078928627,-0.1861362554771154
0.05282021690137859,1.0172504184630367,-0.26793211034264763,-0.25609768932154586
0.09600376247420708,1.3310809235839798,-0.3604121460637643,-0.1797630193615924
0.09564962651030634,1.3579380812846593,-0.2860109392332833,-0.1531814087165791
0.15283908760404966,1.0182774075786631,-0.31568096474362,-0.2696193107341482
0.09438160264033466,1.3433161995536607,-0.3428397230845479,-0.17975130982932006
0.0944199693779517,1.3561280667927702,-0.30591898519988786,-0.1831353474440602
0.15304360712651321,1.0204104792647386,-0.29452926877155033,-0.23633376994240557
0.09556255159262736,1.3580960947859735,-0.28669041472293,-0.15661076705756571
0.09661341980484342,1.357144827596396,-0.2748673452651545,-0.11633337328342197
0.1528041956479061,1.1172471507231556,-0.27382004966250384,-0.1758748589348493
0.1528063443810864,1.0172455131633693,-0.373166730843007,-0.27276782570745356
0.1528417183891454,1.0173024143760847,-0.35671653577784,-0.23861650390494674
0.15283387524557498,1.017274740411719,-0.3614488674980576,-0.2434957206941542
0.15281436543872598,1.0172432919630843,-0.3704899622409875,-0.26206774979032194
0.12561081376781386,1.2018263909008007,-0.3029546873307497,-0.10901827811436304
0.09391731640684732,1.3560087214996106,-0.31208317067125585,-0.19768920070207385
0.09612294218404777,1.3585293589867562,-0.27814798555718157,-0.13733422504240947
0.09592021650838668,1.3574792681269008,-0.2837001659317831,-0.14225172604139025
0.0968466105415823,1.356133294580424,-0.26371621539393825,-0.09039725696961122
0.15281449464984542,1.0172425875654219,-0.37049587539327133,-0.2617567674340432
0.15280285989162337,1.0172483651312545,-0.37421489176280603,-0.2778541534482586
0.09609520073729844,1.3576064557327692,-0.2809958921352476,-0.1367291891067356
0.09711705464793947,1.358683946929198,-0.2644358765170394,-0.10409738951883105
0.152862283925931,1.01728626408939,-0.35124090572655375,-0.20957574747859936
0.10748957918386212,1.2863143315891667,-0.331203063567056,-0.09868154776155871
0.0977887833405608,1.3564620938448915,-0.2547617979419454,-0.06223353402180408
0.095532432609476,1.3581376903319125,-0.2869570552384557,-0.15772203929386924
0.09540776464092554,1.358242126389647,-0.28822946959716195,-0.16195704538481365
0.09366340946650492,1.3512353346982984,-0.32868210051252705,-0.19981496424759942
0.15280709421684613,1.017245173527619,-0.37292339301586425,-0.27173559223992866
0.15282503767788327,1.017252265849678,-0.3661349510182732,-0.25034858709386937
0.09513812318156098,1.3582328932913375,-0.29156055425684657,-0.16987334482257255
0.15280587283132085,1.017245985091493,-0.3733016552083323,-0.27347305888641005
0.1528170062185611,1.0172406186170222,-0.3697634283239671,-0.2581628184938674
0.09474600446807092,1.3577439998371947,-0.29760961899651833,-0.17927583438973815
0.09713285618020956,1.3586902459999215,-0.26356966441394974,-0.10105814575986141
0.15281180695014876,1.017242458673271,-0.3714486172909617,-0.2651468340136829
0.15280285989997666,1.0172483651243545,-0.3742148892381967,-0.27785414121540486
0.09529391418912085,1.3574895030120226,-0.29169032292379604,-0.16209200287649314
0.10165963484337845,1.3029273847117921,-0.36819438299990453,-0.11594861780897406
0.07437316437925867,1.3548050160059608,-0.19867635752557009,-0.008356251750398922
0.15282698671529907,1.017245547641315,-0.36596824118996735,-0.24654581262225012
0.0974891404725904,1.3643266478043297,-0.23603481448708968,-0.0744301023910785
0.15282517591893494,1.017241580457969,-0.3668799079746084,-0.24803797137217132
0.09557682672528692,1.3629050090118695,-0.26350791663810813,-0.1311639700038797
0.09472944645358677,1.358174712897819,-0.2965911378374404,-0.18129518883973886
0.15280585364318872,1.0172459983733722,-0.37330757259892183,-0.27350049296184226
0.09472944315971668,1.3581747168720955,-0.2965911882003817,-0.1812953451042248
0.15280285992394851,1.0172483651055317,-0.3742148819223742,-0.2778541062966188
0.052802859909516095,1.0172483651171544,-0.27421488630654745,-0.17785412738607434
0.15284153063713632,1.017250537879524,-0.3607237754815623,-0.22922988361393887
0.09533236289433171,1.3567820468284937,-0.2932234894399778,-0.15912739371334184
0.15281207581134185,1.017241806942922,-0.3714010626984439,-0.2646676512655453
0.15280539981651595,1.0172464423002237,-0.3734384153666465,-0.2741775589698535
0.09582470227029335,1.3383377680308048,-0.34062083366049745,-0.15394423276102637
0.09376786979902181,1.3483472783255033,-0.33589227755574796,-0.19811352026061788
0.1528119538951682,1.0172447722353422,-0.37122984328741915,-0.2654465827139239
0.15281885267771456,1.0172399515225903,-0.3691720191432098,-0.25568905779351775
0.15283959673810907,1.017250412465293,-0.361371666424021,-0.2316293898000099
0.1528507854980232,1.0173653285027195,-0.3488797013836617,-0.23789424618405042
0.15173850462945052,1.020262363214145,-0.3104329016277322,-0.27208798888300856
0.15281127936520011,1.0172429813146502,-0.371596814993556,-0.26592857184668045
0.09603574668037496,1.3310425435921445,-0.36010524030373964,-0.1785228643301775
0.15280285993649761,1.0172483650957802,-0.3742148780883975,-0.27785408804688666
0.09520607247604775,1.35914707984634,-0.2876600120452968,-0.16531761873542028
0.0973411063197939,1.3395567230212861,-0.3175044284628786,-0.1078319198808795
0.1528047901012473,1.0172466772960496,-0.3736402431391019,-0.27500988342839056
0.09544134868375341,1.358241631098345,-0.2878131897040043,-0.1609466767656475
0.15281213875804206,1.0172437331641362,-0.3712397605501197,-0.2649926183859545
0.15280285989998563,1.11724836512435,-0.2742148892348282,-0.27785414119906343
0.15280947799932718,1.0172439790223105,-0.37216174503218863,-0.2684357843116199
0.09641216750986144,1.3569232084331737,-0.2781989618148648,-0.12295207085554086
0.0955655606086719,1.3580806313612253,-0.2866944190959601,-0.15644804159222736
0.15280656191744113,1.0172458080037208,-0.3730680298843028,-0.27255273415441855
0.09700833479622861,1.356163623856034,-0.2604009104400407,-0.08124304853677677
0.09731960480899854,1.3390751650458563,-0.3195015480626749,-0.11333898828037195
0.09552985396248057,1.358151189669644,-0.28695267337361186,-0.1578614389442968
0.15280507033450003,1.0172466496047912,-0.3735417297539497,-0.2746446078949249
0.09523274444407934,1.3583562446738469,-0.290067152159628,-0.16762299583281812
0.09469555930519861,1.403774008460687,-0.1957718228954754,-0.1557479060292787
0.09574919620065256,1.4007562484293887,-0.18551820947394196,-0.05969848813492954
0.15281020874739856,1.0172429695910796,-0.3719756727678614,-0.26728992287895714
0.15280329255945607,1.0172479767236675,-0.3740864190444884,-0.27721363996435366
0.15282519159441604,1.017246702841772,-0.36649449678872764,-0.24904257036751334
0.152843043795146,1.0173017498142303,-0.3563221855646306,-0.23678650219365574
0.15280380194644083,1.0172474903371622,-0.3739375065847303,-0.27645381368084415
0.15284797708966413,1.0172523451496305,-0.3584773756210862,-0.2215070710035261
0.09562733859416288,1.357939431502036,-0.28629197467266493,-0.153885202593528
0.1528039579641567,1.0172474163533036,-0.37388664596167115,-0.27623748052173197
0.09397402842204289,1.3559182959327234,-0.31169473047665514,-0.19585465298833016
0.09477147404093345,1.3388281974378435,-0.3522291540489212,-0.18858579669172948
0.09508921019913089,1.3583292397820486,-0.29188233268796127,-0.1716777951003159
0.15283518266896987,1.0172466413902461,-0.36312447643247625,-0.2364473290738224
-0.004479569425943092,1.3581412648465807,-0.18709837721304698,-0.15810508364194314
0.15281620703422572,1.0172425852482685,-0.3698980767502532,-0.2595824590041796
0.11303529630712594,1.3501827309686159,-0.2620833535119611,-0.1571728913001321
0.1529575100396604,1.0184806260225079,-0.3082990104271771,-0.22991321762867922
0.15282495282122296,1.0172552695757893,-0.36594172949930465,-0.2510558221969275
0.1522855786161411,1.0189620788285756,-0.2865117545445843,-0.1705181818678461
0.09735155246715278,1.3682757206734955,-0.22646217641289607,-0.08575735447430792
0.0955612617159783,1.3575628644411273,-0.2881527835760134,-0.1543125041830752
0.09438165248050932,1.3433162107365582,-0.34283977124663045,-0.17975148760443826
0.09408825830802003,1.3567949486963229,-0.30790149717229076,-0.19481867713925852
0.09692785450370382,1.3588965307917338,-0.2665304511819483,-0.11239898799012046
0.0977044711132661,1.3593814183319552,-0.2476519977127153,-0.06449050681231576
0.09828062397794775,1.365798948136439,-0.20246786076335352,-0.022320265744552557
0.09547584487606968,1.358209878557494,-0.28746973736741493,-0.15976549516434232
0.10589456567129711,1.282584757256647,-0.37188712461796536,-0.15236727179387494
0.15280693371183343,1.0172448006372692,-0.2728472464062682,-0.17128481967648831
0.09693662502447348,1.358054265226583,-0.2677542937541319,-0.0910211938732823
0.15280285998283577,1.0172483650595723,-0.37421486393540476,-0.2778540205976173
0.09460758531410922,1.343062747864443,-0.34074739913277846,-0.1716319959563533
0.09735584051618927,1.3556628494214027,-0.2642670869025246,-0.06734429448953964
0.1528642334820599,1.017358816740128,-0.34493303097950345,-0.21911445713770233
0.15283173679293982,1.0172655787784572,-0.36285995471408394,-0.24445704975272198
0.09385299039853306,1.352744711896974,-0.32197536545757155,-0.19278417813313384
0.1524334396353929,1.0183905573076102,-0.3101931543804616,-0.1680559092994849
0.09621126703319532,1.3581521928609852,-0.27790836404533725,-0.13476954485225365
0.15280372049698615,1.0172475841725517,-0.3739601593222608,-0.2765787506631496
0.09118156352023497,1.372622330182621,-0.244289218034486,-0.11089439265768582
0.09603551012806077,1.3572957657365698,-0.2826354821753217,-0.13769069289929825
0.15287181713650588,1.017283657753123,-0.34845284705481144,-0.1972043418285723
0.15280285990919526,1.0172483651170108,-0.3742148864314699,-0.277854127758419
0.09580978127866316,1.3575952294442213,-0.2848634710845078,-0.146480819913372
0.15280340594200284,1.017247882845878,-0.37405222896517887,-0.2770475829483311
0.09592819998104382,1.3580511217499507,-0.2820330551785436,-0.14433906781604736
0.12526009593166207,1.199661562407444,-0.33098988027152704,-0.10257086671640059
0.09536710681238791,1.35825428017145,-0.2886996960030756,-0.1632243612868261
0.09480878475657745,1.3580366314635486,-0.29604689689410363,-0.1785550184081118
0.09591400449164109,1.3578319876206282,-0.28283982497421006,-0.14406508578946842
0.152830409944402,1.017257485334694,-0.3639151680246498,-0.24456788680481348
0.15280491873105032,1.017246745939173,-0.37358923880435324,-0.27485978524848476
0.05280407644115262,1.0172472666891297,-0.27385466415757287,-0.27605296656592077
0.0969488210521568,1.3617914569909224,-0.25511861020401394,-0.10758873651472721
0.15280285997488602,1.0172483650654802,-0.3742148663850371,-0.27785403210219806
0.15281292828468204,1.0172440764133186,-0.3709372417807195,-0.26405957456498824
0.1528254158215562,1.0172391894651434,-0.36697574062455085,-0.24725748303935102
0.15280412365792415,1.0172472829770005,-0.37383654193568544,-0.27599589934894836
0.15289851501413818,1.0173457250675961,-0.335291038980765,-0.17302319905444685
0.09485755007711562,1.358281204191671,-0.2947820659192296,-0.1780923438325007
0.06104969137760607,1.4091402869239102,-0.23984132406849432,-0.0958470440405523
0.15280533814279235,1.0172461935457242,-0.3734781875172107,-0.27420293461893713
-0.0020013375147868544,1.4609536511396193,-0.22519365119175103,0.09781231054874699
0.09699917752091419,1.3448810339115307,-0.30539193623548266,-0.10093434483751267
0.15281471853191497,1.0172429567087453,-0.37039074069402056,-0.2615492618122029
0.09379329221007017,1.3553182115948557,-0.31521829303156895,-0.19731991857910533
0.09509552560330524,1.357921877074604,-0.29294335418560125,-0.16989132973285187
0.1528561854373087,1.0172683328285157,-0.35459011775506677,-0.21412032263190692
0.09578572472453235,1.3578219438150585,-0.2845636564275578,-0.14829366804956048
0.09450716242491689,1.456986367937549,-0.20253639184677905,-0.183551584759098
0.09579253533814727,1.361645664639322,-0.2689460254988914,-0.1411616055362599
0.09585312926574278,1.3820001297573752,-0.21422828235787572,-0.09378256298758911
0.09589615689106146,1.3579614016552077,-0.2827198803353616,-0.1452207652108166
0.15281822018618482,1.017248380995852,-0.36877427525210854,-0.2582199993104744
0.15297810457987387,1.017545104604227,-0.3146359030151774,-0.18027762988864246
0.15282261415207038,1.0172411329018416,-0.36778929307025765,-0.2511783240018146
0.0955324350860921,1.358137688743259,-0.2869570349132818,-0.1577219718907771
0.09716566083875729,1.359267609647273,-0.2601280986943583,-0.09968233656653702
0.15282503252924862,1.0172415299938744,-0.3669325639110385,-0.24820855200615277
0.15284859363417422,1.0172768001876802,-0.3563918893992507,-0.22517718098745937
0.1528028598958892,1.017248365127694,-0.3742148904771979,-0.2778541471947744
0.052804283658705466,1.1172470489791753,-0.37379564783094443,-0.1757398917415359
0.1528028599566007,1.0172483650800237,-0.37421487195075487,-0.27785405877408476
0.15280285988688344,1.0172483651351658,-0.37421489319548534,-0.2778541603932109
0.1528090392867557,1.017243628813902,-0.3723423817344204,-0.268921081583633
0.11303527563487381,1.350182733316004,-0.26208336364494,-0.1571729155104833
0.15280708016411848,1.0172455725518161,-0.3728999162100577,-0.27183907687528425
0.0955555133945191,1.3581129152180584,-0.28673354825095365,-0.15690312128689202
0.15291201289087805,1.0173982871171583,-0.3284362525246494,-0.16969062150321348
0.09705801635748602,1.3587377222402117,-0.2662677532209372,-0.10767995055525222
0.1528028599827626,1.0172483650596327,-0.3742148639568825,-0.2778540207008088
